,date,value
0,2023-08-11,4.07
1,2023-08-04,4.07
2,2023-07-28,3.92
3,2023-07-21,3.81
4,2023-07-14,3.89
5,2023-07-07,3.98
6,2023-06-30,3.77
7,2023-06-23,3.75
8,2023-06-16,3.78
9,2023-06-09,3.73
10,2023-06-02,3.66
11,2023-05-26,3.76
12,2023-05-19,3.59
13,2023-05-12,3.47
14,2023-05-05,3.44
15,2023-04-28,3.46
16,2023-04-21,3.58
17,2023-04-14,3.44
18,2023-04-07,3.35
19,2023-03-31,3.54
20,2023-03-24,3.46
21,2023-03-17,3.53
22,2023-03-10,3.91
23,2023-03-03,3.98
24,2023-02-24,3.93
25,2023-02-17,3.8
26,2023-02-10,3.67
27,2023-02-03,3.48
28,2023-01-27,3.49
29,2023-01-20,3.44
30,2023-01-13,3.52
31,2023-01-06,3.69
32,2022-12-30,3.86
33,2022-12-23,3.67
34,2022-12-16,3.51
35,2022-12-09,3.52
36,2022-12-02,3.63
37,2022-11-25,3.75
38,2022-11-18,3.79
39,2022-11-11,4.08
40,2022-11-04,4.12
41,2022-10-28,4.07
42,2022-10-21,4.12
43,2022-10-14,3.95
44,2022-10-07,3.75
45,2022-09-30,3.83
46,2022-09-23,3.59
47,2022-09-16,3.42
48,2022-09-09,3.31
49,2022-09-02,3.17
50,2022-08-26,3.05
51,2022-08-19,2.87
52,2022-08-12,2.81
53,2022-08-05,2.72
54,2022-07-29,2.75
55,2022-07-22,2.94
56,2022-07-15,2.95
57,2022-07-08,2.96
58,2022-07-01,3.07
59,2022-06-24,3.17
60,2022-06-17,3.36
61,2022-06-10,3.05
62,2022-06-03,2.92
63,2022-05-27,2.77
64,2022-05-20,2.87
65,2022-05-13,2.94
66,2022-05-06,3.01
67,2022-04-29,2.83
68,2022-04-22,2.89
69,2022-04-15,2.76
70,2022-04-08,2.59
71,2022-04-01,2.39
72,2022-03-25,2.37
73,2022-03-18,2.16
74,2022-03-11,1.91
75,2022-03-04,1.8
76,2022-02-25,1.97
77,2022-02-18,1.99
78,2022-02-11,1.95
79,2022-02-04,1.83
80,2022-01-28,1.79
81,2022-01-21,1.82
82,2022-01-14,1.75
83,2022-01-07,1.7
84,2021-12-31,1.51
85,2021-12-24,1.47
86,2021-12-17,1.44
87,2021-12-10,1.48
88,2021-12-03,1.43
89,2021-11-26,1.61
90,2021-11-19,1.6
91,2021-11-12,1.53
92,2021-11-05,1.54
93,2021-10-29,1.59
94,2021-10-22,1.65
95,2021-10-15,1.57
96,2021-10-08,1.55
97,2021-10-01,1.51
98,2021-09-24,1.37
99,2021-09-17,1.33
100,2021-09-10,1.35
101,2021-09-03,1.3
102,2021-08-27,1.31
103,2021-08-20,1.26
104,2021-08-13,1.34
105,2021-08-06,1.22
106,2021-07-30,1.26
107,2021-07-23,1.26
108,2021-07-16,1.36
109,2021-07-09,1.34
110,2021-07-02,1.47
111,2021-06-25,1.5
112,2021-06-18,1.51
113,2021-06-11,1.5
114,2021-06-04,1.6
115,2021-05-28,1.59
116,2021-05-21,1.64
117,2021-05-14,1.65
118,2021-05-07,1.6
119,2021-04-30,1.63
120,2021-04-23,1.58
121,2021-04-16,1.62
122,2021-04-09,1.68
123,2021-04-02,1.72
124,2021-03-26,1.65
125,2021-03-19,1.66
126,2021-03-12,1.57
127,2021-03-05,1.49
128,2021-02-26,1.42
129,2021-02-19,1.31
130,2021-02-12,1.18
131,2021-02-05,1.14
132,2021-01-29,1.06
133,2021-01-22,1.11
134,2021-01-15,1.13
135,2021-01-08,1.03
136,2021-01-01,0.94
137,2020-12-25,0.95
138,2020-12-18,0.93
139,2020-12-11,0.93
140,2020-12-04,0.92
141,2020-11-27,0.87
142,2020-11-20,0.87
143,2020-11-13,0.93
144,2020-11-06,0.83
145,2020-10-30,0.82
146,2020-10-23,0.83
147,2020-10-16,0.74
148,2020-10-09,0.78
149,2020-10-02,0.68
150,2020-09-25,0.67
151,2020-09-18,0.69
152,2020-09-11,0.69
153,2020-09-04,0.68
154,2020-08-28,0.7
155,2020-08-21,0.67
156,2020-08-14,0.67
157,2020-08-07,0.55
158,2020-07-31,0.58
159,2020-07-24,0.6
160,2020-07-17,0.63
161,2020-07-10,0.66
162,2020-07-03,0.67
163,2020-06-26,0.69
164,2020-06-19,0.72
165,2020-06-12,0.77
166,2020-06-05,0.77
167,2020-05-29,0.68
168,2020-05-22,0.69
169,2020-05-15,0.67
170,2020-05-08,0.67
171,2020-05-01,0.64
172,2020-04-24,0.61
173,2020-04-17,0.68
174,2020-04-10,0.73
175,2020-04-03,0.65
176,2020-03-27,0.81
177,2020-03-20,0.99
178,2020-03-13,0.79
179,2020-03-06,0.96
180,2020-02-28,1.29
181,2020-02-21,1.52
182,2020-02-14,1.59
183,2020-02-07,1.61
184,2020-01-31,1.59
185,2020-01-24,1.75
186,2020-01-17,1.82
187,2020-01-10,1.84
188,2020-01-03,1.88
189,2019-12-27,1.9
190,2019-12-20,1.91
191,2019-12-13,1.84
192,2019-12-06,1.79
193,2019-11-29,1.76
194,2019-11-22,1.77
195,2019-11-15,1.87
196,2019-11-08,1.86
197,2019-11-01,1.78
198,2019-10-25,1.78
199,2019-10-18,1.76
200,2019-10-11,1.62
201,2019-10-04,1.6
202,2019-09-27,1.7
203,2019-09-20,1.8
204,2019-09-13,1.76
205,2019-09-06,1.52
206,2019-08-30,1.5
207,2019-08-23,1.58
208,2019-08-16,1.6
209,2019-08-09,1.73
210,2019-08-02,1.98
211,2019-07-26,2.07
212,2019-07-19,2.07
213,2019-07-12,2.09
214,2019-07-05,2.0
215,2019-06-28,2.02
216,2019-06-21,2.05
217,2019-06-14,2.12
218,2019-06-07,2.1
219,2019-05-31,2.22
220,2019-05-24,2.37
221,2019-05-17,2.4
222,2019-05-10,2.47
223,2019-05-03,2.53
224,2019-04-26,2.55
225,2019-04-19,2.58
226,2019-04-12,2.52
227,2019-04-05,2.5
228,2019-03-29,2.41
229,2019-03-22,2.55
230,2019-03-15,2.62
231,2019-03-08,2.68
232,2019-03-01,2.7
233,2019-02-22,2.66
234,2019-02-15,2.67
235,2019-02-08,2.68
236,2019-02-01,2.7
237,2019-01-25,2.75
238,2019-01-18,2.74
239,2019-01-11,2.72
240,2019-01-04,2.65
241,2018-12-28,2.76
242,2018-12-21,2.81
243,2018-12-14,2.89
244,2018-12-07,2.9
245,2018-11-30,3.05
246,2018-11-23,3.06
247,2018-11-16,3.11
248,2018-11-09,3.21
249,2018-11-02,3.14
250,2018-10-26,3.14
251,2018-10-19,3.18
252,2018-10-12,3.18
253,2018-10-05,3.14
254,2018-09-28,3.07
255,2018-09-21,3.05
256,2018-09-14,2.97
257,2018-09-07,2.91
258,2018-08-31,2.87
259,2018-08-24,2.83
260,2018-08-17,2.87
261,2018-08-10,2.94
262,2018-08-03,2.97
263,2018-07-27,2.96
264,2018-07-20,2.86
265,2018-07-13,2.85
266,2018-07-06,2.84
267,2018-06-29,2.85
268,2018-06-22,2.91
269,2018-06-15,2.95
270,2018-06-08,2.94
271,2018-06-01,2.83
272,2018-05-25,3.01
273,2018-05-18,3.07
274,2018-05-11,2.97
275,2018-05-04,2.96
276,2018-04-27,2.99
277,2018-04-20,2.88
278,2018-04-13,2.8
279,2018-04-06,2.78
280,2018-03-30,2.79
281,2018-03-23,2.86
282,2018-03-16,2.84
283,2018-03-09,2.88
284,2018-03-02,2.86
285,2018-02-23,2.91
286,2018-02-16,2.87
287,2018-02-09,2.82
288,2018-02-02,2.75
289,2018-01-26,2.65
290,2018-01-19,2.59
291,2018-01-12,2.54
292,2018-01-05,2.46
293,2017-12-29,2.43
294,2017-12-22,2.46
295,2017-12-15,2.37
296,2017-12-08,2.36
297,2017-12-01,2.36
298,2017-11-24,2.35
299,2017-11-17,2.37
300,2017-11-10,2.34
301,2017-11-03,2.36
302,2017-10-27,2.42
303,2017-10-20,2.33
304,2017-10-13,2.33
305,2017-10-06,2.34
306,2017-09-29,2.28
307,2017-09-22,2.26
308,2017-09-15,2.18
309,2017-09-08,2.07
310,2017-09-01,2.14
311,2017-08-25,2.19
312,2017-08-18,2.22
313,2017-08-11,2.24
314,2017-08-04,2.27
315,2017-07-28,2.3
316,2017-07-21,2.27
317,2017-07-14,2.35
318,2017-07-07,2.36
319,2017-06-30,2.23
320,2017-06-23,2.16
321,2017-06-16,2.18
322,2017-06-09,2.18
323,2017-06-02,2.2
324,2017-05-26,2.26
325,2017-05-19,2.27
326,2017-05-12,2.39
327,2017-05-05,2.33
328,2017-04-28,2.31
329,2017-04-21,2.23
330,2017-04-14,2.3
331,2017-04-07,2.35
332,2017-03-31,2.4
333,2017-03-24,2.42
334,2017-03-17,2.55
335,2017-03-10,2.55
336,2017-03-03,2.43
337,2017-02-24,2.39
338,2017-02-17,2.46
339,2017-02-10,2.39
340,2017-02-03,2.48
341,2017-01-27,2.48
342,2017-01-20,2.43
343,2017-01-13,2.38
344,2017-01-06,2.43
345,2016-12-30,2.51
346,2016-12-23,2.55
347,2016-12-16,2.54
348,2016-12-09,2.4
349,2016-12-02,2.37
350,2016-11-25,2.34
351,2016-11-18,2.26
352,2016-11-11,1.98
353,2016-11-04,1.82
354,2016-10-28,1.81
355,2016-10-21,1.76
356,2016-10-14,1.78
357,2016-10-07,1.7
358,2016-09-30,1.58
359,2016-09-23,1.66
360,2016-09-16,1.7
361,2016-09-09,1.59
362,2016-09-02,1.58
363,2016-08-26,1.57
364,2016-08-19,1.56
365,2016-08-12,1.54
366,2016-08-05,1.54
367,2016-07-29,1.53
368,2016-07-22,1.58
369,2016-07-15,1.51
370,2016-07-08,1.38
371,2016-07-01,1.47
372,2016-06-24,1.68
373,2016-06-17,1.61
374,2016-06-10,1.7
375,2016-06-03,1.8
376,2016-05-27,1.85
377,2016-05-20,1.82
378,2016-05-13,1.75
379,2016-05-06,1.81
380,2016-04-29,1.88
381,2016-04-22,1.84
382,2016-04-15,1.77
383,2016-04-08,1.74
384,2016-04-01,1.82
385,2016-03-25,1.91
386,2016-03-18,1.93
387,2016-03-11,1.91
388,2016-03-04,1.82
389,2016-02-26,1.75
390,2016-02-19,1.78
391,2016-02-12,1.71
392,2016-02-05,1.89
393,2016-01-29,2.0
394,2016-01-22,2.04
395,2016-01-15,2.1
396,2016-01-08,2.19
397,2016-01-01,2.29
398,2015-12-25,2.24
399,2015-12-18,2.25
400,2015-12-11,2.21
401,2015-12-04,2.23
402,2015-11-27,2.24
403,2015-11-20,2.26
404,2015-11-13,2.32
405,2015-11-06,2.26
406,2015-10-30,2.11
407,2015-10-23,2.06
408,2015-10-16,2.03
409,2015-10-09,2.09
410,2015-10-02,2.05
411,2015-09-25,2.16
412,2015-09-18,2.22
413,2015-09-11,2.21
414,2015-09-04,2.18
415,2015-08-28,2.14
416,2015-08-21,2.12
417,2015-08-14,2.18
418,2015-08-07,2.22
419,2015-07-31,2.25
420,2015-07-24,2.32
421,2015-07-17,2.38
422,2015-07-10,2.31
423,2015-07-03,2.38
424,2015-06-26,2.41
425,2015-06-19,2.32
426,2015-06-12,2.42
427,2015-06-05,2.31
428,2015-05-29,2.13
429,2015-05-22,2.23
430,2015-05-15,2.24
431,2015-05-08,2.19
432,2015-05-01,2.03
433,2015-04-24,1.94
434,2015-04-17,1.9
435,2015-04-10,1.93
436,2015-04-03,1.91
437,2015-03-27,1.94
438,2015-03-20,2.0
439,2015-03-13,2.14
440,2015-03-06,2.13
441,2015-02-27,2.01
442,2015-02-20,2.11
443,2015-02-13,2.0
444,2015-02-06,1.81
445,2015-01-30,1.77
446,2015-01-23,1.85
447,2015-01-16,1.86
448,2015-01-09,2.0
449,2015-01-02,2.18
450,2014-12-26,2.24
451,2014-12-19,2.14
452,2014-12-12,2.19
453,2014-12-05,2.27
454,2014-11-28,2.25
455,2014-11-21,2.33
456,2014-11-14,2.36
457,2014-11-07,2.36
458,2014-10-31,2.32
459,2014-10-24,2.25
460,2014-10-17,2.19
461,2014-10-10,2.36
462,2014-10-03,2.47
463,2014-09-26,2.55
464,2014-09-19,2.61
465,2014-09-12,2.54
466,2014-09-05,2.44
467,2014-08-29,2.37
468,2014-08-22,2.41
469,2014-08-15,2.41
470,2014-08-08,2.47
471,2014-08-01,2.53
472,2014-07-25,2.49
473,2014-07-18,2.53
474,2014-07-11,2.57
475,2014-07-04,2.6
476,2014-06-27,2.57
477,2014-06-20,2.63
478,2014-06-13,2.62
479,2014-06-06,2.59
480,2014-05-30,2.47
481,2014-05-23,2.54
482,2014-05-16,2.57
483,2014-05-09,2.62
484,2014-05-02,2.66
485,2014-04-25,2.71
486,2014-04-18,2.67
487,2014-04-11,2.68
488,2014-04-04,2.77
489,2014-03-28,2.72
490,2014-03-21,2.74
491,2014-03-14,2.72
492,2014-03-07,2.71
493,2014-02-28,2.69
494,2014-02-21,2.73
495,2014-02-14,2.75
496,2014-02-07,2.68
497,2014-01-31,2.73
498,2014-01-24,2.82
499,2014-01-17,2.86
500,2014-01-10,2.96
501,2014-01-03,3.01
502,2013-12-27,2.99
503,2013-12-20,2.89
504,2013-12-13,2.86
505,2013-12-06,2.84
506,2013-11-29,2.74
507,2013-11-22,2.74
508,2013-11-15,2.74
509,2013-11-08,2.68
510,2013-11-01,2.57
511,2013-10-25,2.55
512,2013-10-18,2.66
513,2013-10-11,2.68
514,2013-10-04,2.64
515,2013-09-27,2.66
516,2013-09-20,2.79
517,2013-09-13,2.92
518,2013-09-06,2.92
519,2013-08-30,2.76
520,2013-08-23,2.86
521,2013-08-16,2.73
522,2013-08-09,2.62
523,2013-08-02,2.64
524,2013-07-26,2.57
525,2013-07-19,2.54
526,2013-07-12,2.64
527,2013-07-05,2.56
528,2013-06-28,2.55
529,2013-06-21,2.33
530,2013-06-14,2.2
531,2013-06-07,2.12
532,2013-05-31,2.14
533,2013-05-24,1.99
534,2013-05-17,1.93
535,2013-05-10,1.83
536,2013-05-03,1.7
537,2013-04-26,1.73
538,2013-04-19,1.73
539,2013-04-12,1.79
540,2013-04-05,1.81
541,2013-03-29,1.9
542,2013-03-22,1.94
543,2013-03-15,2.04
544,2013-03-08,1.96
545,2013-03-01,1.88
546,2013-02-22,2.0
547,2013-02-15,2.01
548,2013-02-08,2.0
549,2013-02-01,2.02
550,2013-01-25,1.9
551,2013-01-18,1.87
552,2013-01-11,1.9
553,2013-01-04,1.87
554,2012-12-28,1.76
555,2012-12-21,1.8
556,2012-12-14,1.69
557,2012-12-07,1.62
558,2012-11-30,1.63
559,2012-11-23,1.67
560,2012-11-16,1.59
561,2012-11-09,1.68
562,2012-11-02,1.74
563,2012-10-26,1.81
564,2012-10-19,1.79
565,2012-10-12,1.71
566,2012-10-05,1.67
567,2012-09-28,1.68
568,2012-09-21,1.81
569,2012-09-14,1.76
570,2012-09-07,1.64
571,2012-08-31,1.63
572,2012-08-24,1.74
573,2012-08-17,1.76
574,2012-08-10,1.65
575,2012-08-03,1.54
576,2012-07-27,1.47
577,2012-07-20,1.52
578,2012-07-13,1.52
579,2012-07-06,1.61
580,2012-06-29,1.64
581,2012-06-22,1.64
582,2012-06-15,1.62
583,2012-06-08,1.61
584,2012-06-01,1.61
585,2012-05-25,1.76
586,2012-05-18,1.74
587,2012-05-11,1.88
588,2012-05-04,1.95
589,2012-04-27,1.98
590,2012-04-20,2.0
591,2012-04-13,2.04
592,2012-04-06,2.21
593,2012-03-30,2.22
594,2012-03-23,2.32
595,2012-03-16,2.21
596,2012-03-09,2.0
597,2012-03-02,1.97
598,2012-02-24,2.01
599,2012-02-17,1.97
600,2012-02-10,1.99
601,2012-02-03,1.88
602,2012-01-27,2.01
603,2012-01-20,1.96
604,2012-01-13,1.95
605,2012-01-06,1.99
606,2011-12-30,1.94
607,2011-12-23,1.95
608,2011-12-16,1.94
609,2011-12-09,2.04
610,2011-12-02,2.04
611,2011-11-25,1.94
612,2011-11-18,2.02
613,2011-11-11,2.05
614,2011-11-04,2.07
615,2011-10-28,2.28
616,2011-10-21,2.2
617,2011-10-14,2.22
618,2011-10-07,1.93
619,2011-09-30,1.97
620,2011-09-23,1.87
621,2011-09-16,2.03
622,2011-09-09,1.99
623,2011-09-02,2.17
624,2011-08-26,2.19
625,2011-08-19,2.17
626,2011-08-12,2.27
627,2011-08-05,2.62
628,2011-07-29,2.97
629,2011-07-22,2.97
630,2011-07-15,2.94
631,2011-07-08,3.12
632,2011-07-01,3.11
633,2011-06-24,2.96
634,2011-06-17,2.99
635,2011-06-10,3.0
636,2011-06-03,3.01
637,2011-05-27,3.1
638,2011-05-20,3.15
639,2011-05-13,3.2
640,2011-05-06,3.24
641,2011-04-29,3.36
642,2011-04-22,3.41
643,2011-04-15,3.51
644,2011-04-08,3.54
645,2011-04-01,3.47
646,2011-03-25,3.38
647,2011-03-18,3.29
648,2011-03-11,3.46
649,2011-03-04,3.47
650,2011-02-25,3.46
651,2011-02-18,3.6
652,2011-02-11,3.68
653,2011-02-04,3.54
654,2011-01-28,3.4
655,2011-01-21,3.42
656,2011-01-14,3.36
657,2011-01-07,3.4
658,2010-12-31,3.38
659,2010-12-24,3.37
660,2010-12-17,3.42
661,2010-12-10,3.18
662,2010-12-03,2.93
663,2010-11-26,2.84
664,2010-11-19,2.89
665,2010-11-12,2.68
666,2010-11-05,2.61
667,2010-10-29,2.67
668,2010-10-22,2.54
669,2010-10-15,2.5
670,2010-10-08,2.45
671,2010-10-01,2.52
672,2010-09-24,2.61
673,2010-09-17,2.74
674,2010-09-10,2.71
675,2010-09-03,2.59
676,2010-08-27,2.56
677,2010-08-20,2.61
678,2010-08-13,2.76
679,2010-08-06,2.94
680,2010-07-30,3.02
681,2010-07-23,2.97
682,2010-07-16,3.05
683,2010-07-09,3.02
684,2010-07-02,2.99
685,2010-06-25,3.17
686,2010-06-18,3.26
687,2010-06-11,3.22
688,2010-06-04,3.31
689,2010-05-28,3.25
690,2010-05-21,3.33
691,2010-05-14,3.54
692,2010-05-07,3.56
693,2010-04-30,3.76
694,2010-04-23,3.81
695,2010-04-16,3.85
696,2010-04-09,3.94
697,2010-04-02,3.89
698,2010-03-26,3.79
699,2010-03-19,3.68
700,2010-03-12,3.72
701,2010-03-05,3.63
702,2010-02-26,3.69
703,2010-02-19,3.74
704,2010-02-12,3.69
705,2010-02-05,3.66
706,2010-01-29,3.66
707,2010-01-22,3.66
708,2010-01-15,3.77
709,2010-01-08,3.83
710,2010-01-01,3.83
711,2009-12-25,3.76
712,2009-12-18,3.56
713,2009-12-11,3.47
714,2009-12-04,3.34
715,2009-11-27,3.3
716,2009-11-20,3.35
717,2009-11-13,3.48
718,2009-11-06,3.53
719,2009-10-30,3.49
720,2009-10-23,3.43
721,2009-10-16,3.43
722,2009-10-09,3.28
723,2009-10-02,3.28
724,2009-09-25,3.43
725,2009-09-18,3.46
726,2009-09-11,3.41
727,2009-09-04,3.37
728,2009-08-28,3.46
729,2009-08-21,3.48
730,2009-08-14,3.67
731,2009-08-07,3.77
732,2009-07-31,3.67
733,2009-07-24,3.62
734,2009-07-17,3.55
735,2009-07-10,3.42
736,2009-07-03,3.53
737,2009-06-26,3.63
738,2009-06-19,3.75
739,2009-06-12,3.89
740,2009-06-05,3.7
741,2009-05-29,3.59
742,2009-05-22,3.29
743,2009-05-15,3.14
744,2009-05-08,3.23
745,2009-05-01,3.1
746,2009-04-24,2.96
747,2009-04-17,2.87
748,2009-04-10,2.93
749,2009-04-03,2.76
750,2009-03-27,2.74
751,2009-03-20,2.75
752,2009-03-13,2.92
753,2009-03-06,2.9
754,2009-02-27,2.91
755,2009-02-20,2.75
756,2009-02-13,2.88
757,2009-02-06,2.92
758,2009-01-30,2.75
759,2009-01-23,2.56
760,2009-01-16,2.3
761,2009-01-09,2.48
762,2009-01-02,2.24
763,2008-12-26,2.18
764,2008-12-19,2.26
765,2008-12-12,2.67
766,2008-12-05,2.66
767,2008-11-28,3.1
768,2008-11-21,3.38
769,2008-11-14,3.78
770,2008-11-07,3.82
771,2008-10-31,3.92
772,2008-10-24,3.74
773,2008-10-17,4.02
774,2008-10-10,3.69
775,2008-10-03,3.7
776,2008-09-26,3.84
777,2008-09-19,3.54
778,2008-09-12,3.66
779,2008-09-05,3.69
780,2008-08-29,3.79
781,2008-08-22,3.83
782,2008-08-15,3.91
783,2008-08-08,3.99
784,2008-08-01,4.04
785,2008-07-25,4.11
786,2008-07-18,3.98
787,2008-07-11,3.9
788,2008-07-04,4.0
789,2008-06-27,4.09
790,2008-06-20,4.2
791,2008-06-13,4.15
792,2008-06-06,3.98
793,2008-05-30,4.03
794,2008-05-23,3.84
795,2008-05-16,3.86
796,2008-05-09,3.85
797,2008-05-02,3.83
798,2008-04-25,3.81
799,2008-04-18,3.67
800,2008-04-11,3.54
801,2008-04-04,3.55
802,2008-03-28,3.52
803,2008-03-21,3.39
804,2008-03-14,3.51
805,2008-03-07,3.61
806,2008-02-29,3.78
807,2008-02-22,3.85
808,2008-02-15,3.72
809,2008-02-08,3.66
810,2008-02-01,3.67
811,2008-01-25,3.58
812,2008-01-18,3.72
813,2008-01-11,3.85
814,2008-01-04,3.94
815,2007-12-28,4.21
816,2007-12-21,4.12
817,2007-12-14,4.12
818,2007-12-07,3.97
819,2007-11-30,3.94
820,2007-11-23,4.04
821,2007-11-16,4.22
822,2007-11-09,4.32
823,2007-11-02,4.39
824,2007-10-26,4.39
825,2007-10-19,4.57
826,2007-10-12,4.67
827,2007-10-05,4.57
828,2007-09-28,4.61
829,2007-09-21,4.57
830,2007-09-14,4.42
831,2007-09-07,4.48
832,2007-08-31,4.55
833,2007-08-24,4.62
834,2007-08-17,4.7
835,2007-08-10,4.79
836,2007-08-03,4.77
837,2007-07-27,4.88
838,2007-07-20,5.03
839,2007-07-13,5.1
840,2007-07-06,5.1
841,2007-06-29,5.09
842,2007-06-22,5.14
843,2007-06-15,5.2
844,2007-06-08,5.02
845,2007-06-01,4.9
846,2007-05-25,4.84
847,2007-05-18,4.74
848,2007-05-11,4.65
849,2007-05-04,4.65
850,2007-04-27,4.67
851,2007-04-20,4.69
852,2007-04-13,4.74
853,2007-04-06,4.68
854,2007-03-30,4.63
855,2007-03-23,4.58
856,2007-03-16,4.54
857,2007-03-09,4.53
858,2007-03-02,4.55
859,2007-02-23,4.7
860,2007-02-16,4.75
861,2007-02-09,4.77
862,2007-02-02,4.86
863,2007-01-26,4.83
864,2007-01-19,4.77
865,2007-01-12,4.7
866,2007-01-05,4.66
867,2006-12-29,4.67
868,2006-12-22,4.6
869,2006-12-15,4.56
870,2006-12-08,4.48
871,2006-12-01,4.49
872,2006-11-24,4.58
873,2006-11-17,4.61
874,2006-11-10,4.64
875,2006-11-03,4.64
876,2006-10-27,4.77
877,2006-10-20,4.78
878,2006-10-13,4.78
879,2006-10-06,4.62
880,2006-09-29,4.6
881,2006-09-22,4.71
882,2006-09-15,4.79
883,2006-09-08,4.79
884,2006-09-01,4.76
885,2006-08-25,4.81
886,2006-08-18,4.9
887,2006-08-11,4.94
888,2006-08-04,4.96
889,2006-07-28,5.05
890,2006-07-21,5.07
891,2006-07-14,5.1
892,2006-07-07,5.18
893,2006-06-30,5.22
894,2006-06-23,5.18
895,2006-06-16,5.05
896,2006-06-09,5.01
897,2006-06-02,5.08
898,2006-05-26,5.05
899,2006-05-19,5.11
900,2006-05-12,5.14
901,2006-05-05,5.14
902,2006-04-28,5.07
903,2006-04-21,5.02
904,2006-04-14,4.98
905,2006-04-07,4.89
906,2006-03-31,4.8
907,2006-03-24,4.69
908,2006-03-17,4.71
909,2006-03-10,4.74
910,2006-03-03,4.61
911,2006-02-24,4.56
912,2006-02-17,4.59
913,2006-02-10,4.56
914,2006-02-03,4.55
915,2006-01-27,4.46
916,2006-01-20,4.36
917,2006-01-13,4.41
918,2006-01-06,4.37
919,2005-12-30,4.37
920,2005-12-23,4.45
921,2005-12-16,4.49
922,2005-12-09,4.52
923,2005-12-02,4.48
924,2005-11-25,4.45
925,2005-11-18,4.52
926,2005-11-11,4.6
927,2005-11-04,4.61
928,2005-10-28,4.55
929,2005-10-21,4.46
930,2005-10-14,4.45
931,2005-10-07,4.37
932,2005-09-30,4.3
933,2005-09-23,4.23
934,2005-09-16,4.19
935,2005-09-09,4.13
936,2005-09-02,4.09
937,2005-08-26,4.2
938,2005-08-19,4.24
939,2005-08-12,4.36
940,2005-08-05,4.34
941,2005-07-29,4.25
942,2005-07-22,4.22
943,2005-07-15,4.16
944,2005-07-08,4.09
945,2005-07-01,3.97
946,2005-06-24,4.0
947,2005-06-17,4.1
948,2005-06-10,3.97
949,2005-06-03,3.95
950,2005-05-27,4.07
951,2005-05-20,4.11
952,2005-05-13,4.21
953,2005-05-06,4.22
954,2005-04-29,4.24
955,2005-04-22,4.26
956,2005-04-15,4.37
957,2005-04-08,4.48
958,2005-04-01,4.55
959,2005-03-25,4.59
960,2005-03-18,4.51
961,2005-03-11,4.45
962,2005-03-04,4.37
963,2005-02-25,4.28
964,2005-02-18,4.16
965,2005-02-11,4.06
966,2005-02-04,4.14
967,2005-01-28,4.19
968,2005-01-21,4.19
969,2005-01-14,4.25
970,2005-01-07,4.28
971,2004-12-31,4.29
972,2004-12-24,4.21
973,2004-12-17,4.16
974,2004-12-10,4.19
975,2004-12-03,4.35
976,2004-11-26,4.2
977,2004-11-19,4.17
978,2004-11-12,4.22
979,2004-11-05,4.12
980,2004-10-29,4.05
981,2004-10-22,4.03
982,2004-10-15,4.08
983,2004-10-08,4.2
984,2004-10-01,4.1
985,2004-09-24,4.04
986,2004-09-17,4.14
987,2004-09-10,4.21
988,2004-09-03,4.19
989,2004-08-27,4.25
990,2004-08-20,4.23
991,2004-08-13,4.28
992,2004-08-06,4.41
993,2004-07-30,4.56
994,2004-07-23,4.46
995,2004-07-16,4.47
996,2004-07-09,4.49
997,2004-07-02,4.63
998,2004-06-25,4.69
999,2004-06-18,4.75
1000,2004-06-11,4.8
1001,2004-06-04,4.74
1002,2004-05-28,4.68
1003,2004-05-21,4.74
1004,2004-05-14,4.81
1005,2004-05-07,4.62
1006,2004-04-30,4.49
1007,2004-04-23,4.43
1008,2004-04-16,4.36
1009,2004-04-09,4.21
1010,2004-04-02,3.95
1011,2004-03-26,3.76
1012,2004-03-19,3.75
1013,2004-03-12,3.75
1014,2004-03-05,4.0
1015,2004-02-27,4.03
1016,2004-02-20,4.06
1017,2004-02-13,4.08
1018,2004-02-06,4.16
1019,2004-01-30,4.17
1020,2004-01-23,4.05
1021,2004-01-16,4.04
1022,2004-01-09,4.27
1023,2004-01-02,4.3
1024,2003-12-26,4.21
1025,2003-12-19,4.2
1026,2003-12-12,4.29
1027,2003-12-05,4.36
1028,2003-11-28,4.25
1029,2003-11-21,4.18
1030,2003-11-14,4.36
1031,2003-11-07,4.41
1032,2003-10-31,4.31
1033,2003-10-24,4.33
1034,2003-10-17,4.42
1035,2003-10-10,4.26
1036,2003-10-03,4.05
1037,2003-09-26,4.16
1038,2003-09-19,4.23
1039,2003-09-12,4.34
1040,2003-09-05,4.52
1041,2003-08-29,4.49
1042,2003-08-22,4.47
1043,2003-08-15,4.49
1044,2003-08-08,4.34
1045,2003-08-01,4.4
1046,2003-07-25,4.18
1047,2003-07-18,3.93
1048,2003-07-11,3.72
1049,2003-07-04,3.58
1050,2003-06-27,3.42
1051,2003-06-20,3.31
1052,2003-06-13,3.2
1053,2003-06-06,3.36
1054,2003-05-30,3.39
1055,2003-05-23,3.38
1056,2003-05-16,3.56
1057,2003-05-09,3.77
1058,2003-05-02,3.92
1059,2003-04-25,3.97
1060,2003-04-18,3.99
1061,2003-04-11,3.97
1062,2003-04-04,3.9
1063,2003-03-28,3.96
1064,2003-03-21,3.97
1065,2003-03-14,3.65
1066,2003-03-07,3.65
1067,2003-02-28,3.78
1068,2003-02-21,3.89
1069,2003-02-14,3.95
1070,2003-02-07,3.98
1071,2003-01-31,4.01
1072,2003-01-24,3.97
1073,2003-01-17,4.1
1074,2003-01-10,4.1
1075,2003-01-03,3.94
1076,2002-12-27,3.92
1077,2002-12-20,4.05
1078,2002-12-13,4.04
1079,2002-12-06,4.17
1080,2002-11-29,4.19
1081,2002-11-22,4.08
1082,2002-11-15,3.94
1083,2002-11-08,4.0
1084,2002-11-01,4.0
1085,2002-10-25,4.21
1086,2002-10-18,4.11
1087,2002-10-11,3.68
1088,2002-10-04,3.69
1089,2002-09-27,3.73
1090,2002-09-20,3.84
1091,2002-09-13,4.0
1092,2002-09-06,3.98
1093,2002-08-30,4.21
1094,2002-08-23,4.24
1095,2002-08-16,4.18
1096,2002-08-09,4.35
1097,2002-08-02,4.52
1098,2002-07-26,4.47
1099,2002-07-19,4.68
1100,2002-07-12,4.71
1101,2002-07-05,4.83
1102,2002-06-28,4.84
1103,2002-06-21,4.83
1104,2002-06-14,4.97
1105,2002-06-07,5.06
1106,2002-05-31,5.1
1107,2002-05-24,5.17
1108,2002-05-17,5.26
1109,2002-05-10,5.16
1110,2002-05-03,5.11
1111,2002-04-26,5.13
1112,2002-04-19,5.21
1113,2002-04-12,5.22
1114,2002-04-05,5.32
1115,2002-03-29,5.38
1116,2002-03-22,5.37
1117,2002-03-15,5.34
1118,2002-03-08,5.13
1119,2002-03-01,4.9
1120,2002-02-22,4.87
1121,2002-02-15,4.94
1122,2002-02-08,4.92
1123,2002-02-01,5.05
1124,2002-01-25,5.05
1125,2002-01-18,4.92
1126,2002-01-11,5.04
1127,2002-01-04,5.15
1128,2001-12-28,5.17
1129,2001-12-21,5.14
1130,2001-12-14,5.14
1131,2001-12-07,4.92
1132,2001-11-30,4.92
1133,2001-11-23,4.93
1134,2001-11-16,4.66
1135,2001-11-09,4.3
1136,2001-11-02,4.37
1137,2001-10-26,4.6
1138,2001-10-19,4.6
1139,2001-10-12,4.65
1140,2001-10-05,4.53
1141,2001-09-28,4.66
1142,2001-09-21,4.7
1143,2001-09-14,4.68
1144,2001-09-07,4.91
1145,2001-08-31,4.84
1146,2001-08-24,4.9
1147,2001-08-17,4.95
1148,2001-08-10,5.08
1149,2001-08-03,5.13
1150,2001-07-27,5.16
1151,2001-07-20,5.17
1152,2001-07-13,5.31
1153,2001-07-06,5.41
1154,2001-06-29,5.29
1155,2001-06-22,5.23
1156,2001-06-15,5.28
1157,2001-06-08,5.32
1158,2001-06-01,5.48
1159,2001-05-25,5.46
1160,2001-05-18,5.46
1161,2001-05-11,5.29
1162,2001-05-04,5.28
1163,2001-04-27,5.25
1164,2001-04-20,5.24
1165,2001-04-13,5.08
1166,2001-04-06,4.95
1167,2001-03-30,4.95
1168,2001-03-23,4.78
1169,2001-03-16,4.86
1170,2001-03-09,4.95
1171,2001-03-02,4.95
1172,2001-02-23,5.13
1173,2001-02-16,5.11
1174,2001-02-09,5.13
1175,2001-02-02,5.2
1176,2001-01-26,5.29
1177,2001-01-19,5.19
1178,2001-01-12,5.08
1179,2001-01-05,5.01
1180,2000-12-29,5.1
1181,2000-12-22,5.1
1182,2000-12-15,5.29
1183,2000-12-08,5.39
1184,2000-12-01,5.56
1185,2000-11-24,5.65
1186,2000-11-17,5.73
1187,2000-11-10,5.85
1188,2000-11-03,5.76
1189,2000-10-27,5.66
1190,2000-10-20,5.68
1191,2000-10-13,5.76
1192,2000-10-06,5.86
1193,2000-09-29,5.82
1194,2000-09-22,5.88
1195,2000-09-15,5.78
1196,2000-09-08,5.73
1197,2000-09-01,5.76
1198,2000-08-25,5.75
1199,2000-08-18,5.8
1200,2000-08-11,5.85
1201,2000-08-04,5.98
1202,2000-07-28,6.04
1203,2000-07-21,6.1
1204,2000-07-14,6.06
1205,2000-07-07,6.01
1206,2000-06-30,6.08
1207,2000-06-23,6.09
1208,2000-06-16,6.06
1209,2000-06-09,6.13
1210,2000-06-02,6.26
1211,2000-05-26,6.42
1212,2000-05-19,6.49
1213,2000-05-12,6.5
1214,2000-05-05,6.4
1215,2000-04-28,6.15
1216,2000-04-21,6.01
1217,2000-04-14,5.89
1218,2000-04-07,5.92
1219,2000-03-31,6.13
1220,2000-03-24,6.14
1221,2000-03-17,6.28
1222,2000-03-10,6.39
1223,2000-03-03,6.39
1224,2000-02-25,6.38
1225,2000-02-18,6.55
1226,2000-02-11,6.62
1227,2000-02-04,6.58
1228,2000-01-28,6.68
1229,2000-01-21,6.77
1230,2000-01-14,6.66
1231,2000-01-07,6.56
1232,1999-12-31,6.41
1233,1999-12-24,6.39
1234,1999-12-17,6.24
1235,1999-12-10,6.13
1236,1999-12-03,6.2
1237,1999-11-26,6.1
1238,1999-11-19,6.02
1239,1999-11-12,5.96
1240,1999-11-05,6.0
1241,1999-10-29,6.16
1242,1999-10-22,6.18
1243,1999-10-15,6.11
1244,1999-10-08,6.02
1245,1999-10-01,5.92
1246,1999-09-24,5.88
1247,1999-09-17,5.92
1248,1999-09-10,5.94
1249,1999-09-03,5.97
1250,1999-08-27,5.81
1251,1999-08-20,5.91
1252,1999-08-13,6.08
1253,1999-08-06,5.95
1254,1999-07-30,5.86
1255,1999-07-23,5.72
1256,1999-07-16,5.72
1257,1999-07-09,5.87
1258,1999-07-02,5.87
1259,1999-06-25,5.98
1260,1999-06-18,5.91
1261,1999-06-11,5.89
1262,1999-06-04,5.8
1263,1999-05-28,5.56
1264,1999-05-21,5.61
1265,1999-05-14,5.53
1266,1999-05-07,5.45
1267,1999-04-30,5.26
1268,1999-04-23,5.2
1269,1999-04-16,5.14
1270,1999-04-09,5.11
1271,1999-04-02,5.24
1272,1999-03-26,5.2
1273,1999-03-19,5.14
1274,1999-03-12,5.21
1275,1999-03-05,5.38
1276,1999-02-26,5.18
1277,1999-02-19,5.03
1278,1999-02-12,4.95
1279,1999-02-05,4.84
1280,1999-01-29,4.67
1281,1999-01-22,4.7
1282,1999-01-15,4.75
1283,1999-01-08,4.76
1284,1999-01-01,4.7
1285,1998-12-25,4.75
1286,1998-12-18,4.59
1287,1998-12-11,4.6
1288,1998-12-04,4.64
1289,1998-11-27,4.83
1290,1998-11-20,4.85
1291,1998-11-13,4.82
1292,1998-11-06,4.83
1293,1998-10-30,4.63
1294,1998-10-23,4.59
1295,1998-10-16,4.58
1296,1998-10-09,4.41
1297,1998-10-02,4.46
1298,1998-09-25,4.67
1299,1998-09-18,4.83
1300,1998-09-11,4.9
1301,1998-09-04,5.05
1302,1998-08-28,5.2
1303,1998-08-21,5.39
1304,1998-08-14,5.4
1305,1998-08-07,5.43
1306,1998-07-31,5.5
1307,1998-07-24,5.46
1308,1998-07-17,5.49
1309,1998-07-10,5.41
1310,1998-07-03,5.44
1311,1998-06-26,5.46
1312,1998-06-19,5.47
1313,1998-06-12,5.51
1314,1998-06-05,5.57
1315,1998-05-29,5.57
1316,1998-05-22,5.64
1317,1998-05-15,5.7
1318,1998-05-08,5.68
1319,1998-05-01,5.75
1320,1998-04-24,5.67
1321,1998-04-17,5.61
1322,1998-04-10,5.55
1323,1998-04-03,5.61
1324,1998-03-27,5.63
1325,1998-03-20,5.57
1326,1998-03-13,5.62
1327,1998-03-06,5.75
1328,1998-02-27,5.63
1329,1998-02-20,5.5
1330,1998-02-13,5.57
1331,1998-02-06,5.59
1332,1998-01-30,5.63
1333,1998-01-23,5.59
1334,1998-01-16,5.45
1335,1998-01-09,5.49
1336,1998-01-02,5.75
1337,1997-12-26,5.74
1338,1997-12-19,5.77
1339,1997-12-12,5.87
1340,1997-12-05,5.86
1341,1997-11-28,5.86
1342,1997-11-21,5.84
1343,1997-11-14,5.88
1344,1997-11-07,5.92
1345,1997-10-31,5.9
1346,1997-10-24,6.09
1347,1997-10-17,6.11
1348,1997-10-10,6.04
1349,1997-10-03,6.06
1350,1997-09-26,6.08
1351,1997-09-19,6.14
1352,1997-09-12,6.34
1353,1997-09-05,6.34
1354,1997-08-29,6.36
1355,1997-08-22,6.27
1356,1997-08-15,6.33
1357,1997-08-08,6.26
1358,1997-08-01,6.11
1359,1997-07-25,6.18
1360,1997-07-18,6.23
1361,1997-07-11,6.26
1362,1997-07-04,6.42
1363,1997-06-27,6.45
1364,1997-06-20,6.4
1365,1997-06-13,6.52
1366,1997-06-06,6.61
1367,1997-05-30,6.75
1368,1997-05-23,6.73
1369,1997-05-16,6.68
1370,1997-05-09,6.7
1371,1997-05-02,6.76
1372,1997-04-25,6.89
1373,1997-04-18,6.89
1374,1997-04-11,6.92
1375,1997-04-04,6.9
1376,1997-03-28,6.79
1377,1997-03-21,6.73
1378,1997-03-14,6.63
1379,1997-03-07,6.59
1380,1997-02-28,6.5
1381,1997-02-21,6.33
1382,1997-02-14,6.37
1383,1997-02-07,6.46
1384,1997-01-31,6.62
1385,1997-01-24,6.58
1386,1997-01-17,6.56
1387,1997-01-10,6.57
1388,1997-01-03,6.45
1389,1996-12-27,6.34
1390,1996-12-20,6.4
1391,1996-12-13,6.31
1392,1996-12-06,6.15
1393,1996-11-29,6.12
1394,1996-11-22,6.16
1395,1996-11-15,6.18
1396,1996-11-08,6.3
1397,1996-11-01,6.42
1398,1996-10-25,6.55
1399,1996-10-18,6.54
1400,1996-10-11,6.55
1401,1996-10-04,6.61
1402,1996-09-27,6.73
1403,1996-09-20,6.82
1404,1996-09-13,6.88
1405,1996-09-06,6.95
1406,1996-08-30,6.84
1407,1996-08-23,6.63
1408,1996-08-16,6.56
1409,1996-08-09,6.54
1410,1996-08-02,6.76
1411,1996-07-26,6.85
1412,1996-07-19,6.81
1413,1996-07-12,6.95
1414,1996-07-05,6.85
1415,1996-06-28,6.86
1416,1996-06-21,6.95
1417,1996-06-14,6.99
1418,1996-06-07,6.85
1419,1996-05-31,6.77
1420,1996-05-24,6.65
1421,1996-05-17,6.68
1422,1996-05-10,6.82
1423,1996-05-03,6.74
1424,1996-04-26,6.53
1425,1996-04-19,6.52
1426,1996-04-12,6.6
1427,1996-04-05,6.35
1428,1996-03-29,6.32
1429,1996-03-22,6.36
1430,1996-03-15,6.37
1431,1996-03-08,6.08
1432,1996-03-01,6.06
1433,1996-02-23,5.97
1434,1996-02-16,5.65
1435,1996-02-09,5.67
1436,1996-02-02,5.64
1437,1996-01-26,5.65
1438,1996-01-19,5.58
1439,1996-01-12,5.74
1440,1996-01-05,5.63
1441,1995-12-29,5.64
1442,1995-12-22,5.78
1443,1995-12-15,5.73
1444,1995-12-08,5.68
1445,1995-12-01,5.82
1446,1995-11-24,5.92
1447,1995-11-17,5.96
1448,1995-11-10,5.97
1449,1995-11-03,5.98
1450,1995-10-27,6.04
1451,1995-10-20,5.99
1452,1995-10-13,6.05
1453,1995-10-06,6.1
1454,1995-09-29,6.26
1455,1995-09-22,6.17
1456,1995-09-15,6.15
1457,1995-09-08,6.2
1458,1995-09-01,6.31
1459,1995-08-25,6.52
1460,1995-08-18,6.57
1461,1995-08-11,6.5
1462,1995-08-04,6.48
1463,1995-07-28,6.46
1464,1995-07-21,6.37
1465,1995-07-14,6.09
1466,1995-07-07,6.12
1467,1995-06-30,6.17
1468,1995-06-23,6.1
1469,1995-06-16,6.21
1470,1995-06-09,6.2
1471,1995-06-02,6.23
1472,1995-05-26,6.49
1473,1995-05-19,6.59
1474,1995-05-12,6.66
1475,1995-05-05,6.93
1476,1995-04-28,7.03
1477,1995-04-21,7.03
1478,1995-04-14,7.08
1479,1995-04-07,7.12
1480,1995-03-31,7.15
1481,1995-03-24,7.16
1482,1995-03-17,7.11
1483,1995-03-10,7.35
1484,1995-03-03,7.27
1485,1995-02-24,7.36
1486,1995-02-17,7.48
1487,1995-02-10,7.56
1488,1995-02-03,7.62
1489,1995-01-27,7.78
1490,1995-01-20,7.74
1491,1995-01-13,7.8
1492,1995-01-06,7.86
1493,1994-12-30,7.81
1494,1994-12-23,7.82
1495,1994-12-16,7.82
1496,1994-12-09,7.79
1497,1994-12-02,7.89
1498,1994-11-25,7.91
1499,1994-11-18,7.97
1500,1994-11-11,8.0
1501,1994-11-04,7.94
1502,1994-10-28,7.86
1503,1994-10-21,7.71
1504,1994-10-14,7.65
1505,1994-10-07,7.72
1506,1994-09-30,7.6
1507,1994-09-23,7.54
1508,1994-09-16,7.44
1509,1994-09-09,7.33
1510,1994-09-02,7.21
1511,1994-08-26,7.27
1512,1994-08-19,7.24
1513,1994-08-12,7.31
1514,1994-08-05,7.15
1515,1994-07-29,7.26
1516,1994-07-22,7.23
1517,1994-07-15,7.36
1518,1994-07-08,7.34
1519,1994-07-01,7.27
1520,1994-06-24,7.17
1521,1994-06-17,7.08
1522,1994-06-10,6.97
1523,1994-06-03,7.09
1524,1994-05-27,7.14
1525,1994-05-20,7.06
1526,1994-05-13,7.37
1527,1994-05-06,7.16
1528,1994-04-29,6.96
1529,1994-04-22,7.03
1530,1994-04-15,6.93
1531,1994-04-08,6.97
1532,1994-04-01,6.72
1533,1994-03-25,6.52
1534,1994-03-18,6.45
1535,1994-03-11,6.4
1536,1994-03-04,6.29
1537,1994-02-25,6.15
1538,1994-02-18,5.95
1539,1994-02-11,5.94
1540,1994-02-04,5.8
1541,1994-01-28,5.74
1542,1994-01-21,5.74
1543,1994-01-14,5.69
1544,1994-01-07,5.85
1545,1993-12-31,5.77
1546,1993-12-24,5.79
1547,1993-12-17,5.82
1548,1993-12-10,5.71
1549,1993-12-03,5.8
1550,1993-11-26,5.83
1551,1993-11-19,5.71
1552,1993-11-12,5.68
1553,1993-11-05,5.66
1554,1993-10-29,5.44
1555,1993-10-22,5.31
1556,1993-10-15,5.24
1557,1993-10-08,5.33
1558,1993-10-01,5.33
1559,1993-09-24,5.44
1560,1993-09-17,5.35
1561,1993-09-10,5.28
1562,1993-09-03,5.41
1563,1993-08-27,5.51
1564,1993-08-20,5.66
1565,1993-08-13,5.78
1566,1993-08-06,5.85
1567,1993-07-30,5.88
1568,1993-07-23,5.83
1569,1993-07-16,5.74
1570,1993-07-09,5.79
1571,1993-07-02,5.79
1572,1993-06-25,5.89
1573,1993-06-18,5.96
1574,1993-06-11,6.06
1575,1993-06-04,6.07
1576,1993-05-28,6.14
1577,1993-05-21,6.12
1578,1993-05-14,5.96
1579,1993-05-07,5.92
1580,1993-04-30,6.01
1581,1993-04-23,5.87
1582,1993-04-16,5.9
1583,1993-04-09,6.06
1584,1993-04-02,6.07
1585,1993-03-26,5.98
1586,1993-03-19,6.03
1587,1993-03-12,5.96
1588,1993-03-05,5.9
1589,1993-02-26,6.02
1590,1993-02-19,6.24
1591,1993-02-12,6.38
1592,1993-02-05,6.4
1593,1993-01-29,6.46
1594,1993-01-22,6.59
1595,1993-01-15,6.68
1596,1993-01-08,6.67
1597,1993-01-01,6.7
1598,1992-12-25,6.68
1599,1992-12-18,6.79
1600,1992-12-11,6.77
1601,1992-12-04,6.91
1602,1992-11-27,6.86
1603,1992-11-20,6.84
1604,1992-11-13,6.88
1605,1992-11-06,6.9
1606,1992-10-30,6.78
1607,1992-10-23,6.78
1608,1992-10-16,6.54
1609,1992-10-09,6.39
1610,1992-10-02,6.32
1611,1992-09-25,6.47
1612,1992-09-18,6.39
1613,1992-09-11,6.32
1614,1992-09-04,6.53
1615,1992-08-28,6.67
1616,1992-08-21,6.5
1617,1992-08-14,6.52
1618,1992-08-07,6.65
1619,1992-07-31,6.67
1620,1992-07-24,6.82
1621,1992-07-17,6.92
1622,1992-07-10,6.9
1623,1992-07-03,7.07
1624,1992-06-26,7.2
1625,1992-06-19,7.24
1626,1992-06-12,7.32
1627,1992-06-05,7.35
1628,1992-05-29,7.4
1629,1992-05-22,7.29
1630,1992-05-15,7.34
1631,1992-05-08,7.5
1632,1992-05-01,7.59
1633,1992-04-24,7.58
1634,1992-04-17,7.38
1635,1992-04-10,7.4
1636,1992-04-03,7.49
1637,1992-03-27,7.56
1638,1992-03-20,7.63
1639,1992-03-13,7.54
1640,1992-03-06,7.45
1641,1992-02-28,7.37
1642,1992-02-21,7.44
1643,1992-02-14,7.31
1644,1992-02-07,7.25
1645,1992-01-31,7.25
1646,1992-01-24,7.14
1647,1992-01-17,7.04
1648,1992-01-10,6.8
1649,1992-01-03,6.78
1650,1991-12-27,6.86
1651,1991-12-20,7.13
1652,1991-12-13,7.21
1653,1991-12-06,7.25
1654,1991-11-29,7.42
1655,1991-11-22,7.38
1656,1991-11-15,7.37
1657,1991-11-08,7.48
1658,1991-11-01,7.52
1659,1991-10-25,7.66
1660,1991-10-18,7.5
1661,1991-10-11,7.48
1662,1991-10-04,7.45
1663,1991-09-27,7.55
1664,1991-09-20,7.61
1665,1991-09-13,7.71
1666,1991-09-06,7.8
1667,1991-08-30,7.84
1668,1991-08-23,7.82
1669,1991-08-16,7.87
1670,1991-08-09,7.98
1671,1991-08-02,8.17
1672,1991-07-26,8.25
1673,1991-07-19,8.28
1674,1991-07-12,8.32
1675,1991-07-05,8.28
1676,1991-06-28,8.31
1677,1991-06-21,8.31
1678,1991-06-14,8.31
1679,1991-06-07,8.2
1680,1991-05-31,8.06
1681,1991-05-24,8.08
1682,1991-05-17,8.11
1683,1991-05-10,8.06
1684,1991-05-03,8.02
1685,1991-04-26,8.09
1686,1991-04-19,8.0
1687,1991-04-12,8.04
1688,1991-04-05,8.03
1689,1991-03-29,8.1
1690,1991-03-22,8.18
1691,1991-03-15,8.06
1692,1991-03-08,8.1
1693,1991-03-01,8.0
1694,1991-02-22,7.86
1695,1991-02-15,7.78
1696,1991-02-08,7.82
1697,1991-02-01,8.02
1698,1991-01-25,8.04
1699,1991-01-18,8.15
1700,1991-01-11,8.18
1701,1991-01-04,8.0
1702,1990-12-28,8.15
1703,1990-12-21,8.03
1704,1990-12-14,7.97
1705,1990-12-07,8.16
1706,1990-11-30,8.29
1707,1990-11-23,8.3
1708,1990-11-16,8.35
1709,1990-11-09,8.53
1710,1990-11-02,8.64
1711,1990-10-26,8.64
1712,1990-10-19,8.74
1713,1990-10-12,8.87
1714,1990-10-05,8.69
1715,1990-09-28,8.96
1716,1990-09-21,8.92
1717,1990-09-14,8.84
1718,1990-09-07,8.85
1719,1990-08-31,8.88
1720,1990-08-24,8.92
1721,1990-08-17,8.71
1722,1990-08-10,8.72
1723,1990-08-03,8.37
1724,1990-07-27,8.48
1725,1990-07-20,8.47
1726,1990-07-13,8.53
1727,1990-07-06,8.44
1728,1990-06-29,8.51
1729,1990-06-22,8.52
1730,1990-06-15,8.44
1731,1990-06-08,8.46
1732,1990-06-01,8.58
1733,1990-05-25,8.66
1734,1990-05-18,8.68
1735,1990-05-11,8.81
1736,1990-05-04,9.02
1737,1990-04-27,9.02
1738,1990-04-20,8.83
1739,1990-04-13,8.62
1740,1990-04-06,8.59
1741,1990-03-30,8.56
1742,1990-03-23,8.55
1743,1990-03-16,8.65
1744,1990-03-09,8.61
1745,1990-03-02,8.5
1746,1990-02-23,8.58
1747,1990-02-16,8.39
1748,1990-02-09,8.48
1749,1990-02-02,8.47
1750,1990-01-26,8.36
1751,1990-01-19,8.24
1752,1990-01-12,8.04
1753,1990-01-05,7.98
1754,1989-12-29,7.93
1755,1989-12-22,7.78
1756,1989-12-15,7.82
1757,1989-12-08,7.84
1758,1989-12-01,7.85
1759,1989-11-24,7.83
1760,1989-11-17,7.86
1761,1989-11-10,7.92
1762,1989-11-03,7.92
1763,1989-10-27,7.89
1764,1989-10-20,7.99
1765,1989-10-13,8.0
1766,1989-10-06,8.18
1767,1989-09-29,8.31
1768,1989-09-22,8.15
1769,1989-09-15,8.13
1770,1989-09-08,8.17
1771,1989-09-01,8.25
1772,1989-08-25,8.23
1773,1989-08-18,8.18
1774,1989-08-11,8.04
1775,1989-08-04,7.82
1776,1989-07-28,7.97
1777,1989-07-21,8.07
1778,1989-07-14,8.01
1779,1989-07-07,8.08
1780,1989-06-30,8.14
1781,1989-06-23,8.34
1782,1989-06-16,8.26
1783,1989-06-09,8.28
1784,1989-06-02,8.57
1785,1989-05-26,8.63
1786,1989-05-19,8.79
1787,1989-05-12,9.05
1788,1989-05-05,9.07
1789,1989-04-28,9.09
1790,1989-04-21,9.14
1791,1989-04-14,9.27
1792,1989-04-07,9.2
1793,1989-03-31,9.37
1794,1989-03-24,9.49
1795,1989-03-17,9.35
1796,1989-03-10,9.27
1797,1989-03-03,9.33
1798,1989-02-24,9.31
1799,1989-02-17,9.21
1800,1989-02-10,9.05
1801,1989-02-03,9.0
1802,1989-01-27,8.97
1803,1989-01-20,9.02
1804,1989-01-13,9.18
1805,1989-01-06,9.24
1806,1988-12-30,9.17
1807,1988-12-23,9.08
1808,1988-12-16,9.16
1809,1988-12-09,9.03
1810,1988-12-02,9.11
1811,1988-11-25,9.1
1812,1988-11-18,8.99
1813,1988-11-11,8.91
1814,1988-11-04,8.72
1815,1988-10-28,8.77
1816,1988-10-21,8.8
1817,1988-10-14,8.81
1818,1988-10-07,8.83
1819,1988-09-30,8.99
1820,1988-09-23,8.96
1821,1988-09-16,8.93
1822,1988-09-09,8.98
1823,1988-09-02,9.21
1824,1988-08-26,9.36
1825,1988-08-19,9.36
1826,1988-08-12,9.27
1827,1988-08-05,9.04
1828,1988-07-29,9.12
1829,1988-07-22,9.13
1830,1988-07-15,9.08
1831,1988-07-08,8.93
1832,1988-07-01,8.86
1833,1988-06-24,8.94
1834,1988-06-17,8.84
1835,1988-06-10,8.96
1836,1988-06-03,9.07
1837,1988-05-27,9.22
1838,1988-05-20,9.14
1839,1988-05-13,9.04
1840,1988-05-06,8.93
1841,1988-04-29,8.82
1842,1988-04-22,8.81
1843,1988-04-15,8.63
1844,1988-04-08,8.62
1845,1988-04-01,8.57
1846,1988-03-25,8.48
1847,1988-03-18,8.33
1848,1988-03-11,8.32
1849,1988-03-04,8.17
1850,1988-02-26,8.2
1851,1988-02-19,8.29
1852,1988-02-12,8.18
1853,1988-02-05,8.2
1854,1988-01-29,8.39
1855,1988-01-22,8.57
1856,1988-01-15,8.84
1857,1988-01-08,8.84
1858,1988-01-01,8.85
1859,1987-12-25,8.87
1860,1987-12-18,9.05
1861,1987-12-11,9.14
1862,1987-12-04,8.98
1863,1987-11-27,8.95
1864,1987-11-20,8.83
1865,1987-11-13,8.8
1866,1987-11-06,8.84
1867,1987-10-30,8.9
1868,1987-10-23,9.36
1869,1987-10-16,10.11
1870,1987-10-09,9.78
1871,1987-10-02,9.61
1872,1987-09-25,9.45
1873,1987-09-18,9.43
1874,1987-09-11,9.43
1875,1987-09-04,9.18
1876,1987-08-28,8.85
1877,1987-08-21,8.71
1878,1987-08-14,8.68
1879,1987-08-07,8.75
1880,1987-07-31,8.62
1881,1987-07-24,8.52
1882,1987-07-17,8.38
1883,1987-07-10,8.32
1884,1987-07-03,8.35
1885,1987-06-26,8.28
1886,1987-06-19,8.27
1887,1987-06-12,8.5
1888,1987-06-05,8.58
1889,1987-05-29,8.55
1890,1987-05-22,8.84
1891,1987-05-15,8.61
1892,1987-05-08,8.49
1893,1987-05-01,8.32
1894,1987-04-24,8.3
1895,1987-04-17,8.12
1896,1987-04-10,7.71
1897,1987-04-03,7.56
1898,1987-03-27,7.27
1899,1987-03-20,7.21
1900,1987-03-13,7.22
1901,1987-03-06,7.18
1902,1987-02-27,7.2
1903,1987-02-20,7.28
1904,1987-02-13,7.31
1905,1987-02-06,7.22
1906,1987-01-30,7.15
1907,1987-01-23,7.03
1908,1987-01-16,7.07
1909,1987-01-09,7.05
1910,1987-01-02,7.2
1911,1986-12-26,7.08
1912,1986-12-19,7.12
1913,1986-12-12,7.09
1914,1986-12-05,7.09
1915,1986-11-28,7.14
1916,1986-11-21,7.21
1917,1986-11-14,7.34
1918,1986-11-07,7.31
1919,1986-10-31,7.39
1920,1986-10-24,7.52
1921,1986-10-17,7.53
1922,1986-10-10,7.31
1923,1986-10-03,7.43
1924,1986-09-26,7.52
1925,1986-09-19,7.56
1926,1986-09-12,7.46
1927,1986-09-05,7.18
1928,1986-08-29,7.02
1929,1986-08-22,7.04
1930,1986-08-15,7.19
1931,1986-08-08,7.39
1932,1986-08-01,7.41
1933,1986-07-25,7.26
1934,1986-07-18,7.19
1935,1986-07-11,7.33
1936,1986-07-04,7.35
1937,1986-06-27,7.45
1938,1986-06-20,7.62
1939,1986-06-13,7.98
1940,1986-06-06,8.23
1941,1986-05-30,7.88
1942,1986-05-23,7.9
1943,1986-05-16,7.75
1944,1986-05-09,7.44
1945,1986-05-02,7.44
1946,1986-04-25,7.35
1947,1986-04-18,7.1
1948,1986-04-11,7.31
1949,1986-04-04,7.39
1950,1986-03-28,7.63
1951,1986-03-21,7.8
1952,1986-03-14,7.72
1953,1986-03-07,8.01
1954,1986-02-28,8.29
1955,1986-02-21,8.62
1956,1986-02-14,8.87
1957,1986-02-07,9.02
1958,1986-01-31,9.09
1959,1986-01-24,9.24
1960,1986-01-17,9.35
1961,1986-01-10,9.16
1962,1986-01-03,9.03
1963,1985-12-27,9.05
1964,1985-12-20,9.09
1965,1985-12-13,9.31
1966,1985-12-06,9.65
1967,1985-11-29,9.65
1968,1985-11-22,9.68
1969,1985-11-15,9.82
1970,1985-11-08,9.92
1971,1985-11-01,10.07
1972,1985-10-25,10.16
1973,1985-10-18,10.23
1974,1985-10-11,10.37
1975,1985-10-04,10.32
1976,1985-09-27,10.3
1977,1985-09-20,10.4
1978,1985-09-13,10.48
1979,1985-09-06,10.29
1980,1985-08-30,10.17
1981,1985-08-23,10.16
1982,1985-08-16,10.37
1983,1985-08-09,10.53
1984,1985-08-02,10.61
1985,1985-07-26,10.51
1986,1985-07-19,10.23
1987,1985-07-12,10.12
1988,1985-07-05,10.14
1989,1985-06-28,10.43
1990,1985-06-21,10.08
1991,1985-06-14,10.12
1992,1985-06-07,10.0
1993,1985-05-31,10.39
1994,1985-05-24,10.6
1995,1985-05-17,10.89
1996,1985-05-10,11.17
1997,1985-05-03,11.33
1998,1985-04-26,11.27
1999,1985-04-19,11.24
2000,1985-04-12,11.57
2001,1985-04-05,11.71
2002,1985-03-29,11.77
2003,1985-03-22,11.92
2004,1985-03-15,11.85
2005,1985-03-08,11.87
2006,1985-03-01,11.83
2007,1985-02-22,11.57
2008,1985-02-15,11.37
2009,1985-02-08,11.37
2010,1985-02-01,11.15
2011,1985-01-25,11.16
2012,1985-01-18,11.49
2013,1985-01-11,11.5
2014,1985-01-04,11.64
2015,1984-12-28,11.42
2016,1984-12-21,11.37
2017,1984-12-14,11.61
2018,1984-12-07,11.58
2019,1984-11-30,11.39
2020,1984-11-23,11.44
2021,1984-11-16,11.75
2022,1984-11-09,11.71
2023,1984-11-02,11.76
2024,1984-10-26,11.85
2025,1984-10-19,12.19
2026,1984-10-12,12.33
2027,1984-10-05,12.51
2028,1984-09-28,12.46
2029,1984-09-21,12.35
2030,1984-09-14,12.51
2031,1984-09-07,12.83
2032,1984-08-31,12.82
2033,1984-08-24,12.66
2034,1984-08-17,12.71
2035,1984-08-10,12.67
2036,1984-08-03,12.82
2037,1984-07-27,13.11
2038,1984-07-20,13.32
2039,1984-07-13,13.46
2040,1984-07-06,13.8
2041,1984-06-29,13.79
2042,1984-06-22,13.55
2043,1984-06-15,13.43
2044,1984-06-08,13.47
2045,1984-06-01,13.86
2046,1984-05-25,13.59
2047,1984-05-18,13.49
2048,1984-05-11,13.23
2049,1984-05-04,12.89
2050,1984-04-27,12.74
2051,1984-04-20,12.66
2052,1984-04-13,12.49
2053,1984-04-06,12.61
2054,1984-03-30,12.46
2055,1984-03-23,12.46
2056,1984-03-16,12.29
2057,1984-03-09,12.18
2058,1984-03-02,12.05
2059,1984-02-24,11.97
2060,1984-02-17,11.85
2061,1984-02-10,11.74
2062,1984-02-03,11.63
2063,1984-01-27,11.63
2064,1984-01-20,11.59
2065,1984-01-13,11.71
2066,1984-01-06,11.79
2067,1983-12-30,11.79
2068,1983-12-23,11.82
2069,1983-12-16,11.93
2070,1983-12-09,11.82
2071,1983-12-02,11.64
2072,1983-11-25,11.59
2073,1983-11-18,11.7
2074,1983-11-11,11.8
2075,1983-11-04,11.75
2076,1983-10-28,11.68
2077,1983-10-21,11.47
2078,1983-10-14,11.6
2079,1983-10-07,11.38
2080,1983-09-30,11.46
2081,1983-09-23,11.59
2082,1983-09-16,11.69
2083,1983-09-09,11.76
2084,1983-09-02,11.94
2085,1983-08-26,11.58
2086,1983-08-19,11.71
2087,1983-08-12,12.1
2088,1983-08-05,11.95
2089,1983-07-29,11.57
2090,1983-07-22,11.36
2091,1983-07-15,11.4
2092,1983-07-08,11.25
2093,1983-07-01,11.01
2094,1983-06-24,10.87
2095,1983-06-17,10.71
2096,1983-06-10,10.87
2097,1983-06-03,10.79
2098,1983-05-27,10.59
2099,1983-05-20,10.45
2100,1983-05-13,10.21
2101,1983-05-06,10.19
2102,1983-04-29,10.33
2103,1983-04-22,10.38
2104,1983-04-15,10.37
2105,1983-04-08,10.52
2106,1983-04-01,10.62
2107,1983-03-25,10.6
2108,1983-03-18,10.52
2109,1983-03-11,10.51
2110,1983-03-04,10.25
2111,1983-02-25,10.4
2112,1983-02-18,10.75
2113,1983-02-11,10.92
2114,1983-02-04,10.88
2115,1983-01-28,10.68
2116,1983-01-21,10.41
2117,1983-01-14,10.32
2118,1983-01-07,10.36
2119,1982-12-31,10.43
2120,1982-12-24,10.56
2121,1982-12-17,10.56
2122,1982-12-10,10.56
2123,1982-12-03,10.69
2124,1982-11-26,10.52
2125,1982-11-19,10.56
2126,1982-11-12,10.53
2127,1982-11-05,10.48
2128,1982-10-29,10.87
2129,1982-10-22,10.67
2130,1982-10-15,10.57
2131,1982-10-08,11.33
2132,1982-10-01,11.78
2133,1982-09-24,12.14
2134,1982-09-17,12.58
2135,1982-09-10,12.58
2136,1982-09-03,12.69
2137,1982-08-27,12.51
2138,1982-08-20,12.6
2139,1982-08-13,13.57
2140,1982-08-06,13.63
2141,1982-07-30,13.85
2142,1982-07-23,13.58
2143,1982-07-16,13.93
2144,1982-07-09,14.3
2145,1982-07-02,14.54
2146,1982-06-25,14.7
2147,1982-06-18,14.36
2148,1982-06-11,13.97
2149,1982-06-04,13.92
2150,1982-05-28,13.66
2151,1982-05-21,13.57
2152,1982-05-14,13.53
2153,1982-05-07,13.73
2154,1982-04-30,13.78
2155,1982-04-23,13.69
2156,1982-04-16,13.85
2157,1982-04-09,14.13
2158,1982-04-02,14.15
2159,1982-03-26,13.86
2160,1982-03-19,13.9
2161,1982-03-12,13.8
2162,1982-03-05,13.7
2163,1982-02-26,13.92
2164,1982-02-19,14.39
2165,1982-02-12,14.84
2166,1982-02-05,14.63
2167,1982-01-29,14.42
2168,1982-01-22,14.73
2169,1982-01-15,14.76
2170,1982-01-08,14.47
2171,1982-01-01,14.07
2172,1981-12-25,14.0
2173,1981-12-18,13.58
2174,1981-12-11,13.66
2175,1981-12-04,13.32
2176,1981-11-27,13.12
2177,1981-11-20,13.09
2178,1981-11-13,13.29
2179,1981-11-06,14.22
2180,1981-10-30,15.25
2181,1981-10-23,15.21
2182,1981-10-16,14.88
2183,1981-10-09,15.02
2184,1981-10-02,15.68
2185,1981-09-25,15.21
2186,1981-09-18,15.05
2187,1981-09-11,15.37
2188,1981-09-04,15.44
2189,1981-08-28,15.32
2190,1981-08-21,14.83
2191,1981-08-14,14.61
2192,1981-08-07,14.9
2193,1981-07-31,14.59
2194,1981-07-24,14.56
2195,1981-07-17,14.08
2196,1981-07-10,14.0
2197,1981-07-03,13.88
2198,1981-06-26,13.61
2199,1981-06-19,13.29
2200,1981-06-12,13.34
2201,1981-06-05,13.53
2202,1981-05-29,13.61
2203,1981-05-22,13.92
2204,1981-05-15,14.32
2205,1981-05-08,14.46
2206,1981-05-01,14.01
2207,1981-04-24,13.78
2208,1981-04-17,13.7
2209,1981-04-10,13.56
2210,1981-04-03,13.23
2211,1981-03-27,13.27
2212,1981-03-20,12.71
2213,1981-03-13,13.04
2214,1981-03-06,13.43
2215,1981-02-27,13.32
2216,1981-02-20,13.16
2217,1981-02-13,13.39
2218,1981-02-06,12.95
2219,1981-01-30,12.74
2220,1981-01-23,12.72
2221,1981-01-16,12.53
2222,1981-01-09,12.31
2223,1981-01-02,12.36
2224,1980-12-26,12.29
2225,1980-12-19,13.18
2226,1980-12-12,13.19
2227,1980-12-05,12.91
2228,1980-11-28,12.72
2229,1980-11-21,12.69
2230,1980-11-14,12.63
2231,1980-11-07,12.69
2232,1980-10-31,12.37
2233,1980-10-24,11.76
2234,1980-10-17,11.44
2235,1980-10-10,11.42
2236,1980-10-03,11.79
2237,1980-09-26,11.82
2238,1980-09-19,11.51
2239,1980-09-12,11.26
2240,1980-09-05,11.19
2241,1980-08-29,11.59
2242,1980-08-22,11.2
2243,1980-08-15,10.93
2244,1980-08-08,10.75
2245,1980-08-01,10.59
2246,1980-07-25,10.2
2247,1980-07-18,10.2
2248,1980-07-11,10.18
2249,1980-07-04,10.11
2250,1980-06-27,9.8
2251,1980-06-20,9.51
2252,1980-06-13,9.66
2253,1980-06-06,10.07
2254,1980-05-30,10.14
2255,1980-05-23,10.16
2256,1980-05-16,10.25
2257,1980-05-09,10.08
2258,1980-05-02,10.57
2259,1980-04-25,10.9
2260,1980-04-18,11.25
2261,1980-04-11,12.05
2262,1980-04-04,12.62
2263,1980-03-28,13.0
2264,1980-03-21,12.54
2265,1980-03-14,12.54
2266,1980-03-07,12.94
2267,1980-02-29,13.2
2268,1980-02-22,12.99
2269,1980-02-15,12.01
2270,1980-02-08,11.71
2271,1980-02-01,11.19
2272,1980-01-25,10.95
2273,1980-01-18,10.71
2274,1980-01-11,10.59
2275,1980-01-04,10.52
2276,1979-12-28,10.45
2277,1979-12-21,10.37
2278,1979-12-14,10.45
2279,1979-12-07,10.29
2280,1979-11-30,10.34
2281,1979-11-23,10.71
2282,1979-11-16,10.69
2283,1979-11-09,10.87
2284,1979-11-02,10.78
2285,1979-10-26,10.89
2286,1979-10-19,10.37
2287,1979-10-12,10.09
2288,1979-10-05,9.53
2289,1979-09-28,9.38
2290,1979-09-21,9.32
2291,1979-09-14,9.31
2292,1979-09-07,9.33
2293,1979-08-31,9.17
2294,1979-08-24,9.06
2295,1979-08-17,9.0
2296,1979-08-10,8.94
2297,1979-08-03,8.97
2298,1979-07-27,9.01
2299,1979-07-20,9.01
2300,1979-07-13,8.93
2301,1979-07-06,8.79
2302,1979-06-29,8.83
2303,1979-06-22,8.95
2304,1979-06-15,8.88
2305,1979-06-08,8.97
2306,1979-06-01,9.04
2307,1979-05-25,9.11
2308,1979-05-18,9.28
2309,1979-05-11,9.37
2310,1979-05-04,9.36
2311,1979-04-27,9.25
2312,1979-04-20,9.17
2313,1979-04-13,9.18
2314,1979-04-06,9.09
2315,1979-03-30,9.09
2316,1979-03-23,9.12
2317,1979-03-16,9.12
2318,1979-03-09,9.11
2319,1979-03-02,9.18
2320,1979-02-23,9.17
2321,1979-02-16,9.12
2322,1979-02-09,9.05
2323,1979-02-02,8.94
2324,1979-01-26,9.04
2325,1979-01-19,9.16
2326,1979-01-12,9.15
2327,1979-01-05,9.14
2328,1978-12-29,9.14
2329,1978-12-22,9.14
2330,1978-12-15,8.95
2331,1978-12-08,8.86
2332,1978-12-01,8.85
2333,1978-11-24,8.78
2334,1978-11-17,8.77
2335,1978-11-10,8.86
2336,1978-11-03,8.82
2337,1978-10-27,8.69
2338,1978-10-20,8.62
2339,1978-10-13,8.54
2340,1978-10-06,8.58
2341,1978-09-29,8.55
2342,1978-09-22,8.46
2343,1978-09-15,8.31
2344,1978-09-08,8.34
2345,1978-09-01,8.38
2346,1978-08-25,8.37
2347,1978-08-18,8.48
2348,1978-08-11,8.39
2349,1978-08-04,8.46
2350,1978-07-28,8.63
2351,1978-07-21,8.65
2352,1978-07-14,8.68
2353,1978-07-07,8.62
2354,1978-06-30,8.59
2355,1978-06-23,8.49
2356,1978-06-16,8.41
2357,1978-06-09,8.38
2358,1978-06-02,8.41
2359,1978-05-26,8.39
2360,1978-05-19,8.35
2361,1978-05-12,8.35
2362,1978-05-05,8.28
2363,1978-04-28,8.21
2364,1978-04-21,8.12
2365,1978-04-14,8.15
2366,1978-04-07,8.14
2367,1978-03-31,8.12
2368,1978-03-24,7.98
2369,1978-03-17,8.0
2370,1978-03-10,8.03
2371,1978-03-03,8.04
2372,1978-02-24,8.08
2373,1978-02-17,8.08
2374,1978-02-10,8.0
2375,1978-02-03,7.96
2376,1978-01-27,7.98
2377,1978-01-20,7.98
2378,1978-01-13,8.01
2379,1978-01-06,7.83
2380,1977-12-30,7.79
2381,1977-12-23,7.73
2382,1977-12-16,7.66
2383,1977-12-09,7.63
2384,1977-12-02,7.56
2385,1977-11-25,7.54
2386,1977-11-18,7.55
2387,1977-11-11,7.6
2388,1977-11-04,7.65
2389,1977-10-28,7.57
2390,1977-10-21,7.55
2391,1977-10-14,7.54
2392,1977-10-07,7.43
2393,1977-09-30,7.4
2394,1977-09-23,7.36
2395,1977-09-16,7.35
2396,1977-09-09,7.29
2397,1977-09-02,7.27
2398,1977-08-26,7.34
2399,1977-08-19,7.44
2400,1977-08-12,7.45
2401,1977-08-05,7.43
2402,1977-07-29,7.35
2403,1977-07-22,7.32
2404,1977-07-15,7.31
2405,1977-07-08,7.33
2406,1977-07-01,7.22
2407,1977-06-24,7.25
2408,1977-06-17,7.24
2409,1977-06-10,7.35
2410,1977-06-03,7.38
2411,1977-05-27,7.41
2412,1977-05-20,7.46
2413,1977-05-13,7.5
2414,1977-05-06,7.46
2415,1977-04-29,7.4
2416,1977-04-22,7.31
2417,1977-04-15,7.32
2418,1977-04-08,7.45
2419,1977-04-01,7.45
2420,1977-03-25,7.45
2421,1977-03-18,7.45
2422,1977-03-11,7.49
2423,1977-03-04,7.46
2424,1977-02-25,7.47
2425,1977-02-18,7.35
2426,1977-02-11,7.35
2427,1977-02-04,7.4
2428,1977-01-28,7.36
2429,1977-01-21,7.29
2430,1977-01-14,7.24
2431,1977-01-07,6.92
2432,1976-12-31,6.83
2433,1976-12-24,6.85
2434,1976-12-17,6.89
2435,1976-12-10,6.88
2436,1976-12-03,6.96
2437,1976-11-26,7.12
2438,1976-11-19,7.33
2439,1976-11-12,7.45
2440,1976-11-05,7.4
2441,1976-10-29,7.46
2442,1976-10-22,7.38
2443,1976-10-15,7.34
2444,1976-10-08,7.44
2445,1976-10-01,7.55
2446,1976-09-24,7.54
2447,1976-09-17,7.6
2448,1976-09-10,7.65
2449,1976-09-03,7.67
2450,1976-08-27,7.71
2451,1976-08-20,7.75
2452,1976-08-13,7.82
2453,1976-08-06,7.83
2454,1976-07-30,7.86
2455,1976-07-23,7.86
2456,1976-07-16,7.78
2457,1976-07-09,7.82
2458,1976-07-02,7.86
2459,1976-06-25,7.81
2460,1976-06-18,7.84
2461,1976-06-11,7.88
2462,1976-06-04,7.92
2463,1976-05-28,7.96
2464,1976-05-21,7.95
2465,1976-05-14,7.93
2466,1976-05-07,7.74
2467,1976-04-30,7.62
2468,1976-04-23,7.52
2469,1976-04-16,7.49
2470,1976-04-09,7.57
2471,1976-04-02,7.66
2472,1976-03-26,7.66
2473,1976-03-19,7.75
2474,1976-03-12,7.76
2475,1976-03-05,7.83
2476,1976-02-27,7.71
2477,1976-02-20,7.79
2478,1976-02-13,7.85
2479,1976-02-06,7.84
2480,1976-01-30,7.81
2481,1976-01-23,7.77
2482,1976-01-16,7.7
2483,1976-01-09,7.69
2484,1976-01-02,7.75
2485,1975-12-26,7.83
2486,1975-12-19,7.97
2487,1975-12-12,8.19
2488,1975-12-05,8.12
2489,1975-11-28,8.15
2490,1975-11-21,8.14
2491,1975-11-14,7.97
2492,1975-11-07,7.93
2493,1975-10-31,7.96
2494,1975-10-24,8.03
2495,1975-10-17,8.13
2496,1975-10-10,8.26
2497,1975-10-03,8.44
2498,1975-09-26,8.37
2499,1975-09-19,8.52
2500,1975-09-12,8.47
2501,1975-09-05,8.3
2502,1975-08-29,8.35
2503,1975-08-22,8.45
2504,1975-08-15,8.42
2505,1975-08-08,8.4
2506,1975-08-01,8.17
2507,1975-07-25,8.09
2508,1975-07-18,8.02
2509,1975-07-11,8.02
2510,1975-07-04,8.01
2511,1975-06-27,7.95
2512,1975-06-20,7.79
2513,1975-06-13,7.71
2514,1975-06-06,7.97
2515,1975-05-30,8.06
2516,1975-05-23,8.0
2517,1975-05-16,8.04
2518,1975-05-09,8.09
2519,1975-05-02,8.28
2520,1975-04-25,8.28
2521,1975-04-18,8.19
2522,1975-04-11,8.21
2523,1975-04-04,8.12
2524,1975-03-28,8.05
2525,1975-03-21,7.8
2526,1975-03-14,7.57
2527,1975-03-07,7.5
2528,1975-02-28,7.44
2529,1975-02-21,7.27
2530,1975-02-14,7.42
2531,1975-02-07,7.42
2532,1975-01-31,7.58
2533,1975-01-24,7.57
2534,1975-01-17,7.51
2535,1975-01-10,7.38
2536,1975-01-03,7.41
2537,1974-12-27,7.4
2538,1974-12-20,7.28
2539,1974-12-13,7.39
2540,1974-12-06,7.67
2541,1974-11-29,7.63
2542,1974-11-22,7.61
2543,1974-11-15,7.72
2544,1974-11-08,7.76
2545,1974-11-01,7.82
2546,1974-10-25,7.84
2547,1974-10-18,7.87
2548,1974-10-11,7.94
2549,1974-10-04,7.99
2550,1974-09-27,7.94
2551,1974-09-20,8.07
2552,1974-09-13,8.07
2553,1974-09-06,8.11
2554,1974-08-30,8.14
2555,1974-08-23,8.05
2556,1974-08-16,8.04
2557,1974-08-09,7.99
2558,1974-08-02,7.9
2559,1974-07-26,7.77
2560,1974-07-19,7.88
2561,1974-07-12,7.82
2562,1974-07-05,7.68
2563,1974-06-28,7.62
2564,1974-06-21,7.53
2565,1974-06-14,7.49
2566,1974-06-07,7.51
2567,1974-05-31,7.51
2568,1974-05-24,7.54
2569,1974-05-17,7.55
2570,1974-05-10,7.66
2571,1974-05-03,7.63
2572,1974-04-26,7.58
2573,1974-04-19,7.46
2574,1974-04-12,7.48
2575,1974-04-05,7.47
2576,1974-03-29,7.38
2577,1974-03-22,7.28
2578,1974-03-15,7.12
2579,1974-03-08,7.08
2580,1974-03-01,7.01
2581,1974-02-22,6.96
2582,1974-02-15,6.93
2583,1974-02-08,6.94
2584,1974-02-01,7.01
2585,1974-01-25,7.01
2586,1974-01-18,6.99
2587,1974-01-11,6.98
2588,1974-01-04,6.94
2589,1973-12-28,6.87
2590,1973-12-21,6.71
2591,1973-12-14,6.69
2592,1973-12-07,6.72
2593,1973-11-30,6.7
2594,1973-11-23,6.71
2595,1973-11-16,6.76
2596,1973-11-09,6.76
2597,1973-11-02,6.72
2598,1973-10-26,6.75
2599,1973-10-19,6.8
2600,1973-10-12,6.77
2601,1973-10-05,6.89
2602,1973-09-28,6.95
2603,1973-09-21,7.09
2604,1973-09-14,7.19
2605,1973-09-07,7.13
2606,1973-08-31,7.26
2607,1973-08-24,7.33
2608,1973-08-17,7.41
2609,1973-08-10,7.54
2610,1973-08-03,7.48
2611,1973-07-27,7.24
2612,1973-07-20,7.09
2613,1973-07-13,7.05
2614,1973-07-06,7.02
2615,1973-06-29,6.93
2616,1973-06-22,6.89
2617,1973-06-15,6.86
2618,1973-06-08,6.92
2619,1973-06-01,6.94
2620,1973-05-25,6.91
2621,1973-05-18,6.85
2622,1973-05-11,6.81
2623,1973-05-04,6.75
2624,1973-04-27,6.68
2625,1973-04-20,6.64
2626,1973-04-13,6.64
2627,1973-04-06,6.7
2628,1973-03-30,6.71
2629,1973-03-23,6.76
2630,1973-03-16,6.72
2631,1973-03-09,6.67
2632,1973-03-02,6.65
2633,1973-02-23,6.65
2634,1973-02-16,6.62
2635,1973-02-09,6.64
2636,1973-02-02,6.57
2637,1973-01-26,6.5
2638,1973-01-19,6.46
2639,1973-01-12,6.43
2640,1973-01-05,6.42
2641,1972-12-29,6.4
2642,1972-12-22,6.4
2643,1972-12-15,6.35
2644,1972-12-08,6.31
2645,1972-12-01,6.29
2646,1972-11-24,6.26
2647,1972-11-17,6.25
2648,1972-11-10,6.29
2649,1972-11-03,6.37
2650,1972-10-27,6.43
2651,1972-10-20,6.48
2652,1972-10-13,6.49
2653,1972-10-06,6.53
2654,1972-09-29,6.58
2655,1972-09-22,6.57
2656,1972-09-15,6.55
2657,1972-09-08,6.51
2658,1972-09-01,6.38
2659,1972-08-25,6.22
2660,1972-08-18,6.18
2661,1972-08-11,6.15
2662,1972-08-04,6.14
2663,1972-07-28,6.1
2664,1972-07-21,6.1
2665,1972-07-14,6.12
2666,1972-07-07,6.13
2667,1972-06-30,6.13
2668,1972-06-23,6.09
2669,1972-06-16,6.1
2670,1972-06-09,6.12
2671,1972-06-02,6.07
2672,1972-05-26,6.05
2673,1972-05-19,6.14
2674,1972-05-12,6.18
2675,1972-05-05,6.16
2676,1972-04-28,6.17
2677,1972-04-21,6.22
2678,1972-04-14,6.21
2679,1972-04-07,6.17
2680,1972-03-31,6.11
2681,1972-03-24,6.09
2682,1972-03-17,6.08
2683,1972-03-10,6.02
2684,1972-03-03,6.03
2685,1972-02-25,6.07
2686,1972-02-18,6.08
2687,1972-02-11,6.11
2688,1972-02-04,6.08
2689,1972-01-28,6.04
2690,1972-01-21,5.95
2691,1972-01-14,5.87
2692,1972-01-07,5.91
2693,1971-12-31,5.89
2694,1971-12-24,5.99
2695,1971-12-17,5.94
2696,1971-12-10,5.92
2697,1971-12-03,5.92
2698,1971-11-26,5.9
2699,1971-11-19,5.77
2700,1971-11-12,5.78
2701,1971-11-05,5.74
2702,1971-10-29,5.9
2703,1971-10-22,5.92
2704,1971-10-15,5.88
2705,1971-10-08,5.98
2706,1971-10-01,6.07
2707,1971-09-24,6.17
2708,1971-09-17,6.16
2709,1971-09-10,6.1
2710,1971-09-03,6.22
2711,1971-08-27,6.39
2712,1971-08-20,6.35
2713,1971-08-13,6.82
2714,1971-08-06,6.88
2715,1971-07-30,6.89
2716,1971-07-23,6.75
2717,1971-07-16,6.61
2718,1971-07-09,6.67
2719,1971-07-02,6.68
2720,1971-06-25,6.6
2721,1971-06-18,6.66
2722,1971-06-11,6.43
2723,1971-06-04,6.26
2724,1971-05-28,6.41
2725,1971-05-21,6.57
2726,1971-05-14,6.36
2727,1971-05-07,6.24
2728,1971-04-30,6.03
2729,1971-04-23,5.98
2730,1971-04-16,5.77
2731,1971-04-09,5.61
2732,1971-04-02,5.55
2733,1971-03-26,5.42
2734,1971-03-19,5.61
2735,1971-03-12,5.82
2736,1971-03-05,6.07
2737,1971-02-26,6.15
2738,1971-02-19,6.11
2739,1971-02-12,6.08
2740,1971-02-05,6.1
2741,1971-01-29,6.08
2742,1971-01-22,6.13
2743,1971-01-15,6.29
2744,1971-01-08,6.46
2745,1971-01-01,6.53
2746,1970-12-25,6.52
2747,1970-12-18,6.29
2748,1970-12-11,6.31
2749,1970-12-04,6.38
2750,1970-11-27,6.43
2751,1970-11-20,6.79
2752,1970-11-13,7.04
2753,1970-11-06,7.21
2754,1970-10-30,7.38
2755,1970-10-23,7.41
2756,1970-10-16,7.29
2757,1970-10-09,7.25
2758,1970-10-02,7.29
2759,1970-09-25,7.27
2760,1970-09-18,7.39
2761,1970-09-11,7.52
2762,1970-09-04,7.48
2763,1970-08-28,7.47
2764,1970-08-21,7.66
2765,1970-08-14,7.57
2766,1970-08-07,7.42
2767,1970-07-31,7.38
2768,1970-07-24,7.4
2769,1970-07-17,7.5
2770,1970-07-10,7.49
2771,1970-07-03,7.66
2772,1970-06-26,7.79
2773,1970-06-19,7.91
2774,1970-06-12,7.91
2775,1970-06-05,7.81
2776,1970-05-29,8.06
2777,1970-05-22,7.87
2778,1970-05-15,7.84
2779,1970-05-08,7.86
2780,1970-05-01,7.8
2781,1970-04-24,7.58
2782,1970-04-17,7.29
2783,1970-04-10,7.17
2784,1970-04-03,7.08
2785,1970-03-27,7.0
2786,1970-03-20,7.2
2787,1970-03-13,7.11
2788,1970-03-06,6.97
2789,1970-02-27,7.01
2790,1970-02-20,7.13
2791,1970-02-13,7.27
2792,1970-02-06,7.51
2793,1970-01-30,7.73
2794,1970-01-23,7.69
2795,1970-01-16,7.82
2796,1970-01-09,7.93
2797,1970-01-02,7.94
2798,1969-12-26,7.84
2799,1969-12-19,7.74
2800,1969-12-12,7.54
2801,1969-12-05,7.35
2802,1969-11-28,7.29
2803,1969-11-21,7.24
2804,1969-11-14,7.06
2805,1969-11-07,6.97
2806,1969-10-31,6.97
2807,1969-10-24,6.84
2808,1969-10-17,7.06
2809,1969-10-10,7.29
2810,1969-10-03,7.46
2811,1969-09-26,7.3
2812,1969-09-19,7.18
2813,1969-09-12,7.04
2814,1969-09-05,6.94
2815,1969-08-29,6.79
2816,1969-08-22,6.67
2817,1969-08-15,6.69
2818,1969-08-08,6.62
2819,1969-08-01,6.7
2820,1969-07-25,6.69
2821,1969-07-18,6.69
2822,1969-07-11,6.76
2823,1969-07-04,6.75
2824,1969-06-27,6.63
2825,1969-06-20,6.54
2826,1969-06-13,6.55
2827,1969-06-06,6.55
2828,1969-05-30,6.53
2829,1969-05-23,6.36
2830,1969-05-16,6.27
2831,1969-05-09,6.21
2832,1969-05-02,6.22
2833,1969-04-25,6.13
2834,1969-04-18,6.11
2835,1969-04-11,6.21
2836,1969-04-04,6.25
2837,1969-03-28,6.31
2838,1969-03-21,6.32
2839,1969-03-14,6.3
2840,1969-03-07,6.25
2841,1969-02-28,6.25
2842,1969-02-21,6.19
2843,1969-02-14,6.11
2844,1969-02-07,6.19
2845,1969-01-31,6.1
2846,1969-01-24,6.0
2847,1969-01-17,6.01
2848,1969-01-10,6.07
2849,1969-01-03,6.11
2850,1968-12-27,6.22
2851,1968-12-20,6.03
2852,1968-12-13,5.93
2853,1968-12-06,5.93
2854,1968-11-29,5.76
2855,1968-11-22,5.73
2856,1968-11-15,5.67
2857,1968-11-08,5.63
2858,1968-11-01,5.62
2859,1968-10-25,5.59
2860,1968-10-18,5.61
2861,1968-10-11,5.59
2862,1968-10-04,5.5
2863,1968-09-27,5.45
2864,1968-09-20,5.44
2865,1968-09-13,5.49
2866,1968-09-06,5.45
2867,1968-08-30,5.44
2868,1968-08-23,5.46
2869,1968-08-16,5.43
2870,1968-08-09,5.37
2871,1968-08-02,5.39
2872,1968-07-26,5.4
2873,1968-07-19,5.55
2874,1968-07-12,5.52
2875,1968-07-05,5.58
2876,1968-06-28,5.64
2877,1968-06-21,5.66
2878,1968-06-14,5.77
2879,1968-06-07,5.81
2880,1968-05-31,5.92
2881,1968-05-24,5.99
2882,1968-05-17,5.86
2883,1968-05-10,5.79
2884,1968-05-03,5.75
2885,1968-04-26,5.73
2886,1968-04-19,5.65
2887,1968-04-12,5.54
2888,1968-04-05,5.56
2889,1968-03-29,5.77
2890,1968-03-22,5.75
2891,1968-03-15,5.84
2892,1968-03-08,5.64
2893,1968-03-01,5.57
2894,1968-02-23,5.54
2895,1968-02-16,5.53
2896,1968-02-09,5.6
2897,1968-02-02,5.55
2898,1968-01-26,5.56
2899,1968-01-19,5.53
2900,1968-01-12,5.47
2901,1968-01-05,5.56
2902,1967-12-29,5.67
2903,1967-12-22,5.66
2904,1967-12-15,5.72
2905,1967-12-08,5.72
2906,1967-12-01,5.72
2907,1967-11-24,5.76
2908,1967-11-17,5.79
2909,1967-11-10,5.78
2910,1967-11-03,5.68
2911,1967-10-27,5.57
2912,1967-10-20,5.51
2913,1967-10-13,5.42
2914,1967-10-06,5.36
2915,1967-09-29,5.36
2916,1967-09-22,5.34
2917,1967-09-15,5.28
2918,1967-09-08,5.22
2919,1967-09-01,5.27
2920,1967-08-25,5.31
2921,1967-08-18,5.28
2922,1967-08-11,5.28
2923,1967-08-04,5.2
2924,1967-07-28,5.21
2925,1967-07-21,5.17
2926,1967-07-14,5.09
2927,1967-07-07,5.16
2928,1967-06-30,5.19
2929,1967-06-23,5.12
2930,1967-06-16,5.0
2931,1967-06-09,4.86
2932,1967-06-02,4.82
2933,1967-05-26,4.92
2934,1967-05-19,4.88
2935,1967-05-12,4.85
2936,1967-05-05,4.76
2937,1967-04-28,4.73
2938,1967-04-21,4.63
2939,1967-04-14,4.52
2940,1967-04-07,4.49
2941,1967-03-31,4.51
2942,1967-03-24,4.5
2943,1967-03-17,4.5
2944,1967-03-10,4.59
2945,1967-03-03,4.67
2946,1967-02-24,4.72
2947,1967-02-17,4.67
2948,1967-02-10,4.55
2949,1967-02-03,4.51
2950,1967-01-27,4.57
2951,1967-01-20,4.54
2952,1967-01-13,4.6
2953,1967-01-06,4.65
2954,1966-12-30,4.66
2955,1966-12-23,4.68
2956,1966-12-16,4.83
2957,1966-12-09,5.07
2958,1966-12-02,5.12
2959,1966-11-25,5.21
2960,1966-11-18,5.21
2961,1966-11-11,5.13
2962,1966-11-04,5.03
2963,1966-10-28,4.96
2964,1966-10-21,5.0
2965,1966-10-14,5.06
2966,1966-10-07,5.05
2967,1966-09-30,5.08
2968,1966-09-23,5.22
2969,1966-09-16,5.21
2970,1966-09-09,5.19
2971,1966-09-02,5.38
2972,1966-08-26,5.37
2973,1966-08-19,5.23
2974,1966-08-12,5.1
2975,1966-08-05,5.06
2976,1966-07-29,5.01
2977,1966-07-22,5.03
2978,1966-07-15,5.07
2979,1966-07-08,4.96
2980,1966-07-01,4.92
2981,1966-06-24,4.77
2982,1966-06-17,4.81
2983,1966-06-10,4.82
2984,1966-06-03,4.79
2985,1966-05-27,4.79
2986,1966-05-20,4.75
2987,1966-05-13,4.76
2988,1966-05-06,4.8
2989,1966-04-29,4.78
2990,1966-04-22,4.77
2991,1966-04-15,4.75
2992,1966-04-08,4.7
2993,1966-04-01,4.74
2994,1966-03-25,4.78
2995,1966-03-18,4.89
2996,1966-03-11,4.95
2997,1966-03-04,5.0
2998,1966-02-25,4.94
2999,1966-02-18,4.88
3000,1966-02-11,4.77
3001,1966-02-04,4.7
3002,1966-01-28,4.62
3003,1966-01-21,4.6
3004,1966-01-14,4.59
3005,1966-01-07,4.62
3006,1965-12-31,4.63
3007,1965-12-24,4.64
3008,1965-12-17,4.66
3009,1965-12-10,4.6
3010,1965-12-03,4.5
3011,1965-11-26,4.45
3012,1965-11-19,4.45
3013,1965-11-12,4.46
3014,1965-11-05,4.43
3015,1965-10-29,4.39
3016,1965-10-22,4.36
3017,1965-10-15,4.32
3018,1965-10-08,4.33
3019,1965-10-01,4.34
3020,1965-09-24,4.29
3021,1965-09-17,4.28
3022,1965-09-10,4.27
3023,1965-09-03,4.27
3024,1965-08-27,4.27
3025,1965-08-20,4.26
3026,1965-08-13,4.25
3027,1965-08-06,4.23
3028,1965-07-30,4.21
3029,1965-07-23,4.2
3030,1965-07-16,4.21
3031,1965-07-09,4.21
3032,1965-07-02,4.2
3033,1965-06-25,4.2
3034,1965-06-18,4.21
3035,1965-06-11,4.23
3036,1965-06-04,4.23
3037,1965-05-28,4.22
3038,1965-05-21,4.22
3039,1965-05-14,4.2
3040,1965-05-07,4.2
3041,1965-04-30,4.21
3042,1965-04-23,4.21
3043,1965-04-16,4.2
3044,1965-04-09,4.2
3045,1965-04-02,4.2
3046,1965-03-26,4.19
3047,1965-03-19,4.2
3048,1965-03-12,4.23
3049,1965-03-05,4.23
3050,1965-02-26,4.22
3051,1965-02-19,4.21
3052,1965-02-12,4.21
3053,1965-02-05,4.21
3054,1965-01-29,4.19
3055,1965-01-22,4.18
3056,1965-01-15,4.19
3057,1965-01-08,4.2
3058,1965-01-01,4.2
3059,1964-12-25,4.19
3060,1964-12-18,4.18
3061,1964-12-11,4.16
3062,1964-12-04,4.19
3063,1964-11-27,4.19
3064,1964-11-20,4.13
3065,1964-11-13,4.14
3066,1964-11-06,4.15
3067,1964-10-30,4.17
3068,1964-10-23,4.2
3069,1964-10-16,4.2
3070,1964-10-09,4.19
3071,1964-10-02,4.18
3072,1964-09-25,4.19
3073,1964-09-18,4.21
3074,1964-09-11,4.22
3075,1964-09-04,4.22
3076,1964-08-28,4.2
3077,1964-08-21,4.19
3078,1964-08-14,4.19
3079,1964-08-07,4.19
3080,1964-07-31,4.2
3081,1964-07-24,4.2
3082,1964-07-17,4.19
3083,1964-07-10,4.17
3084,1964-07-03,4.15
3085,1964-06-26,4.15
3086,1964-06-19,4.17
3087,1964-06-12,4.18
3088,1964-06-05,4.19
3089,1964-05-29,4.19
3090,1964-05-22,4.2
3091,1964-05-15,4.19
3092,1964-05-08,4.22
3093,1964-05-01,4.22
3094,1964-04-24,4.23
3095,1964-04-17,4.23
3096,1964-04-10,4.23
3097,1964-04-03,4.24
3098,1964-03-27,4.26
3099,1964-03-20,4.23
3100,1964-03-13,4.21
3101,1964-03-06,4.18
3102,1964-02-28,4.16
3103,1964-02-21,4.14
3104,1964-02-14,4.14
3105,1964-02-07,4.15
3106,1964-01-31,4.17
3107,1964-01-24,4.16
3108,1964-01-17,4.18
3109,1964-01-10,4.17
3110,1964-01-03,4.14
3111,1963-12-27,4.15
3112,1963-12-20,4.15
3113,1963-12-13,4.11
3114,1963-12-06,4.1
3115,1963-11-29,4.08
3116,1963-11-22,4.1
3117,1963-11-15,4.14
3118,1963-11-08,4.16
3119,1963-11-01,4.14
3120,1963-10-25,4.12
3121,1963-10-18,4.11
3122,1963-10-11,4.09
3123,1963-10-04,4.07
3124,1963-09-27,4.08
3125,1963-09-20,4.08
3126,1963-09-13,4.09
3127,1963-09-06,4.06
3128,1963-08-30,4.01
3129,1963-08-23,4.0
3130,1963-08-16,4.01
3131,1963-08-09,4.0
3132,1963-08-02,3.99
3133,1963-07-26,4.01
3134,1963-07-19,4.02
3135,1963-07-12,4.04
3136,1963-07-05,4.03
3137,1963-06-28,4.0
3138,1963-06-21,4.0
3139,1963-06-14,3.99
3140,1963-06-07,3.98
3141,1963-05-31,3.96
3142,1963-05-24,3.93
3143,1963-05-17,3.91
3144,1963-05-10,3.92
3145,1963-05-03,3.94
3146,1963-04-26,3.96
3147,1963-04-19,3.99
3148,1963-04-12,3.99
3149,1963-04-05,3.95
3150,1963-03-29,3.95
3151,1963-03-22,3.92
3152,1963-03-15,3.92
3153,1963-03-08,3.92
3154,1963-03-01,3.94
3155,1963-02-22,3.93
3156,1963-02-15,3.92
3157,1963-02-08,3.9
3158,1963-02-01,3.87
3159,1963-01-25,3.86
3160,1963-01-18,3.81
3161,1963-01-11,3.81
3162,1963-01-04,3.83
3163,1962-12-28,3.81
3164,1962-12-21,3.83
3165,1962-12-14,3.88
3166,1962-12-07,3.93
3167,1962-11-30,3.92
3168,1962-11-23,3.93
3169,1962-11-16,3.91
3170,1962-11-09,3.9
3171,1962-11-02,3.92
3172,1962-10-26,3.93
3173,1962-10-19,3.92
3174,1962-10-12,3.94
3175,1962-10-05,3.91
3176,1962-09-28,3.95
3177,1962-09-21,3.98
3178,1962-09-14,4.0
3179,1962-09-07,3.98
3180,1962-08-31,3.96
3181,1962-08-24,3.95
3182,1962-08-17,3.97
3183,1962-08-10,4.0
3184,1962-08-03,4.02
3185,1962-07-27,4.01
3186,1962-07-20,4.02
3187,1962-07-13,4.01
3188,1962-07-06,4.01
3189,1962-06-29,3.97
3190,1962-06-22,3.91
3191,1962-06-15,3.88
3192,1962-06-08,3.88
3193,1962-06-01,3.89
3194,1962-05-25,3.91
3195,1962-05-18,3.88
3196,1962-05-11,3.84
3197,1962-05-04,3.86
3198,1962-04-27,3.87
3199,1962-04-20,3.82
3200,1962-04-13,3.85
3201,1962-04-06,3.82
3202,1962-03-30,3.89
3203,1962-03-23,3.88
3204,1962-03-16,3.94
3205,1962-03-09,3.99
3206,1962-03-02,3.99
3207,1962-02-23,4.03
3208,1962-02-16,4.03
3209,1962-02-09,4.06
3210,1962-02-02,4.1
3211,1962-01-26,4.1
3212,1962-01-19,4.11
3213,1962-01-12,4.06
3214,1962-01-05,4.03
