,Unnamed: 0,1. open,2. high,3. low,4. close,yield10
0,2004-06-04,1.2247,1.2306,1.2139,1.2289,
1,2004-06-11,1.2283,1.2351,1.1962,1.2007,
2,2004-06-18,1.2003,1.2165,1.195,1.2137,3.92
3,2004-06-25,1.2137,1.2192,1.2037,1.215,3.81
4,2004-07-02,1.2137,1.233,1.2062,1.2321,3.89
5,2004-07-09,1.2315,1.2424,1.227,1.241,3.98
6,2004-07-16,1.241,1.246,1.2295,1.2446,3.77
7,2004-07-23,1.2429,1.246,1.2087,1.2092,3.75
8,2004-07-30,1.2092,1.2193,1.1987,1.2007,3.78
9,2004-08-06,1.2062,1.2288,1.1965,1.228,3.73
10,2004-08-13,1.2273,1.2374,1.206,1.2372,3.66
11,2004-08-20,1.2365,1.2388,1.2274,1.2304,3.76
12,2004-08-27,1.2315,1.2316,1.1994,1.2012,3.59
13,2004-09-03,1.2015,1.2217,1.1985,1.2056,3.47
14,2004-09-10,1.2071,1.2309,1.2022,1.2266,3.44
15,2004-09-17,1.2252,1.2294,1.212,1.2173,3.46
16,2004-09-24,1.2165,1.2361,1.2122,1.2274,3.58
17,2004-10-01,1.229,1.2444,1.2244,1.2407,3.44
18,2004-10-08,1.2388,1.2433,1.2243,1.2409,3.35
19,2004-10-15,1.2411,1.2495,1.2223,1.2474,3.54
20,2004-10-22,1.2472,1.2689,1.2446,1.2684,3.46
21,2004-10-29,1.2675,1.2841,1.2626,1.2783,3.53
22,2004-11-05,1.274,1.295,1.2652,1.2942,3.91
23,2004-11-12,1.2913,1.3005,1.2847,1.2979,3.98
24,2004-11-19,1.297,1.3075,1.2913,1.3015,3.93
25,2004-11-26,1.3027,1.3329,1.297,1.3293,3.8
26,2004-12-03,1.3266,1.3459,1.3224,1.3456,3.67
27,2004-12-10,1.3439,1.3467,1.3136,1.3236,3.48
28,2004-12-17,1.3202,1.3444,1.3185,1.3306,3.49
29,2004-12-24,1.3322,1.3547,1.3293,1.3524,3.44
30,2004-12-31,1.3525,1.3667,1.3509,1.3552,3.52
31,2005-01-07,1.3552,1.358,1.302,1.305,3.69
32,2005-01-14,1.3087,1.3292,1.3044,1.3107,3.86
33,2005-01-21,1.3097,1.3128,1.2918,1.3042,3.67
34,2005-01-28,1.3041,1.3123,1.294,1.3036,3.51
35,2005-02-04,1.3033,1.3093,1.2863,1.2872,3.52
36,2005-02-11,1.2869,1.2905,1.2728,1.2865,3.63
37,2005-02-18,1.2961,1.3088,1.2853,1.3065,3.75
38,2005-02-25,1.3059,1.3273,1.3028,1.3244,3.79
39,2005-03-04,1.3242,1.3278,1.3084,1.3236,4.08
40,2005-03-11,1.323,1.3481,1.3176,1.3453,4.12
41,2005-03-18,1.3464,1.3478,1.326,1.3323,4.07
42,2005-03-25,1.3309,1.3316,1.2925,1.2955,4.12
43,2005-04-01,1.295,1.3051,1.2852,1.2906,3.95
44,2005-04-08,1.2881,1.2942,1.2796,1.292,3.75
45,2005-04-15,1.2928,1.3014,1.2775,1.2898,3.83
46,2005-04-22,1.2915,1.3124,1.2775,1.3064,3.59
47,2005-04-29,1.3064,1.3064,1.285,1.2869,3.42
48,2005-05-06,1.2859,1.299,1.2806,1.2834,3.31
49,2005-05-13,1.2815,1.2913,1.2607,1.2619,3.17
50,2005-05-20,1.2612,1.269,1.2533,1.255,3.05
51,2005-05-27,1.2542,1.263,1.2492,1.2571,2.87
52,2005-06-03,1.2529,1.2571,1.2157,1.2227,2.81
53,2005-06-10,1.2227,1.2353,1.2104,1.213,2.72
54,2005-06-17,1.2109,1.2289,1.2013,1.2283,2.75
55,2005-06-24,1.222,1.2283,1.1981,1.2084,2.94
56,2005-07-01,1.2099,1.2185,1.1933,1.1939,2.95
57,2005-07-08,1.1935,1.204,1.1864,1.1974,2.96
58,2005-07-15,1.1973,1.2254,1.1954,1.204,3.07
59,2005-07-22,1.2034,1.2254,1.195,1.2057,3.17
60,2005-07-29,1.2057,1.2159,1.1962,1.2119,3.36
61,2005-08-05,1.2129,1.2402,1.2095,1.2373,3.05
62,2005-08-12,1.2336,1.2486,1.2311,1.2436,2.92
63,2005-08-19,1.2453,1.2456,1.2123,1.2161,2.77
64,2005-08-26,1.2164,1.2342,1.2153,1.2283,2.87
65,2005-09-02,1.2282,1.2589,1.2167,1.254,2.94
66,2005-09-09,1.2536,1.2584,1.2373,1.2412,3.01
67,2005-09-16,1.2412,1.2414,1.219,1.2234,2.83
68,2005-09-23,1.2234,1.2268,1.2041,1.2046,2.89
69,2005-09-30,1.2046,1.2092,1.1976,1.2016,2.76
70,2005-10-07,1.2016,1.2207,1.1897,1.2122,2.59
71,2005-10-14,1.2122,1.2153,1.191,1.2087,2.39
72,2005-10-21,1.2087,1.212,1.1871,1.1949,2.37
73,2005-10-28,1.1949,1.2174,1.1918,1.2062,2.16
74,2005-11-04,1.2062,1.2091,1.1801,1.1823,1.91
75,2005-11-11,1.1823,1.1832,1.1669,1.1704,1.8
76,2005-11-18,1.1705,1.1794,1.1637,1.1763,1.97
77,2005-11-25,1.1763,1.1861,1.1684,1.1717,1.99
78,2005-12-02,1.1714,1.1901,1.1657,1.171,1.95
79,2005-12-09,1.1701,1.1848,1.1686,1.1817,1.83
80,2005-12-16,1.1783,1.2061,1.1772,1.2009,1.79
81,2005-12-23,1.2013,1.2037,1.1798,1.1861,1.82
82,2005-12-30,1.1869,1.1931,1.1774,1.1829,1.75
83,2006-01-06,1.1852,1.2178,1.1797,1.2156,1.7
84,2006-01-13,1.2072,1.2169,1.2004,1.2135,1.51
85,2006-01-20,1.2145,1.2174,1.2038,1.2136,1.47
86,2006-01-27,1.2141,1.2322,1.2084,1.2102,1.44
87,2006-02-03,1.2103,1.2189,1.1966,1.2023,1.48
88,2006-02-10,1.2037,1.2047,1.1896,1.1906,1.43
89,2006-02-17,1.1898,1.1954,1.1846,1.193,1.61
90,2006-02-24,1.1928,1.1974,1.1857,1.1875,1.6
91,2006-03-03,1.1871,1.2051,1.1825,1.203,1.53
92,2006-03-10,1.2047,1.2093,1.1857,1.1913,1.54
93,2006-03-17,1.1914,1.2207,1.1908,1.2195,1.59
94,2006-03-24,1.2168,1.2196,1.1949,1.203,1.65
95,2006-03-31,1.2037,1.2175,1.1978,1.2121,1.57
96,2006-04-07,1.2116,1.2333,1.2029,1.2101,1.55
97,2006-04-14,1.2106,1.2167,1.2065,1.211,1.51
98,2006-04-21,1.2122,1.2394,1.2118,1.2344,1.37
99,2006-04-28,1.2352,1.2635,1.2329,1.2613,1.33
100,2006-05-05,1.2628,1.2763,1.2553,1.2728,1.35
101,2006-05-12,1.2743,1.2954,1.266,1.2926,1.3
102,2006-05-19,1.2946,1.2971,1.2692,1.277,1.31
103,2006-05-26,1.2761,1.2889,1.2693,1.2725,1.26
104,2006-06-02,1.273,1.2937,1.2717,1.2921,1.34
105,2006-06-09,1.2924,1.298,1.2595,1.264,1.22
106,2006-06-16,1.2614,1.2673,1.2528,1.2636,1.26
107,2006-06-23,1.2647,1.2679,1.2475,1.2509,1.26
108,2006-06-30,1.2506,1.279,1.2499,1.2789,1.36
109,2006-07-07,1.2786,1.2859,1.2702,1.2812,1.34
110,2006-07-14,1.2811,1.2818,1.2622,1.2644,1.47
111,2006-07-21,1.2633,1.2696,1.2458,1.2695,1.5
112,2006-07-28,1.2702,1.2772,1.2558,1.2747,1.51
113,2006-08-04,1.2762,1.2909,1.2718,1.2878,1.5
114,2006-08-11,1.2884,1.2909,1.2717,1.2721,1.6
115,2006-08-18,1.2711,1.2886,1.2695,1.2823,1.59
116,2006-08-25,1.2873,1.2938,1.2725,1.2751,1.64
117,2006-09-01,1.2759,1.2879,1.2751,1.2835,1.65
118,2006-09-08,1.284,1.2874,1.265,1.2677,1.6
119,2006-09-15,1.2667,1.275,1.2632,1.2661,1.63
120,2006-09-22,1.2643,1.283,1.2642,1.2783,1.58
121,2006-09-29,1.2789,1.2819,1.2639,1.2674,1.62
122,2006-10-06,1.268,1.2765,1.2573,1.2599,1.68
123,2006-10-13,1.2589,1.2613,1.2483,1.2512,1.72
124,2006-10-20,1.2502,1.264,1.2489,1.2615,1.65
125,2006-10-27,1.2615,1.2749,1.2525,1.274,1.66
126,2006-11-03,1.273,1.2798,1.2679,1.2718,1.57
127,2006-11-10,1.2717,1.2898,1.2689,1.284,1.49
128,2006-11-17,1.2846,1.2877,1.2762,1.2826,1.42
129,2006-11-24,1.2829,1.3107,1.2797,1.3094,1.31
130,2006-12-01,1.3129,1.3348,1.3087,1.3337,1.18
131,2006-12-08,1.3333,1.3367,1.3193,1.3201,1.14
132,2006-12-15,1.3178,1.3291,1.306,1.3081,1.06
133,2006-12-22,1.3082,1.3244,1.3052,1.3127,1.11
134,2006-12-29,1.3118,1.3204,1.309,1.3197,1.13
135,2007-01-05,1.3197,1.3296,1.2981,1.3003,1.03
136,2007-01-12,1.3012,1.3052,1.2867,1.2924,0.94
137,2007-01-19,1.2933,1.3001,1.2896,1.2961,0.95
138,2007-01-26,1.2959,1.3044,1.2878,1.2915,0.93
139,2007-02-02,1.2916,1.3064,1.2897,1.2961,0.93
140,2007-02-09,1.296,1.3044,1.2912,1.3005,0.92
141,2007-02-16,1.2991,1.3171,1.294,1.3137,0.87
142,2007-02-23,1.3146,1.3189,1.3081,1.3165,0.87
143,2007-03-02,1.3168,1.3259,1.3143,1.3191,0.93
144,2007-03-09,1.32,1.3211,1.3072,1.3114,0.83
145,2007-03-16,1.3126,1.3339,1.3109,1.3315,0.82
146,2007-03-23,1.3316,1.341,1.3271,1.3283,0.83
147,2007-03-30,1.3283,1.3399,1.3254,1.3352,0.74
148,2007-04-06,1.3373,1.3441,1.3319,1.3378,0.78
149,2007-04-13,1.3373,1.3551,1.334,1.3527,0.68
150,2007-04-20,1.3541,1.3637,1.3522,1.3588,0.67
151,2007-04-27,1.3594,1.3678,1.3542,1.3649,0.69
152,2007-05-04,1.3631,1.3679,1.3533,1.359,0.69
153,2007-05-11,1.36,1.3626,1.3463,1.3522,0.68
154,2007-05-18,1.3526,1.361,1.3465,1.3508,0.7
155,2007-05-25,1.3519,1.353,1.3411,1.3442,0.67
156,2007-06-01,1.3449,1.3519,1.3392,1.3448,0.67
157,2007-06-08,1.3445,1.3551,1.3321,1.3372,0.55
158,2007-06-15,1.3366,1.3389,1.3264,1.3388,0.58
159,2007-06-22,1.3384,1.347,1.3372,1.347,0.6
160,2007-06-29,1.3468,1.3542,1.3416,1.3541,0.63
161,2007-07-06,1.3541,1.3658,1.3528,1.3627,0.66
162,2007-07-13,1.363,1.3811,1.3594,1.3782,0.67
163,2007-07-20,1.3781,1.3842,1.3753,1.3827,0.69
164,2007-07-27,1.383,1.3851,1.3627,1.3633,0.72
165,2007-08-03,1.3623,1.3819,1.361,1.3773,0.77
166,2007-08-10,1.3796,1.3838,1.3643,1.3692,0.77
167,2007-08-17,1.3689,1.3709,1.337,1.3475,0.68
168,2007-08-24,1.3475,1.3679,1.345,1.3674,0.69
169,2007-08-31,1.3672,1.3719,1.3563,1.3628,0.67
170,2007-09-07,1.3629,1.3796,1.3551,1.3767,0.67
171,2007-09-14,1.3774,1.3927,1.3766,1.3874,0.64
172,2007-09-21,1.3872,1.4118,1.3829,1.409,0.61
173,2007-09-28,1.4091,1.4278,1.4061,1.4266,0.68
174,2007-10-05,1.4268,1.4275,1.4032,1.4135,0.73
175,2007-10-12,1.4138,1.4241,1.4014,1.4179,0.65
176,2007-10-19,1.4177,1.4318,1.4143,1.4304,0.81
177,2007-10-26,1.4304,1.4395,1.4125,1.4393,0.99
178,2007-11-02,1.44,1.4527,1.4374,1.4501,0.79
179,2007-11-09,1.4508,1.4751,1.4444,1.4677,0.96
180,2007-11-16,1.4675,1.4725,1.452,1.4662,1.29
181,2007-11-23,1.467,1.4966,1.4617,1.4835,1.52
182,2007-11-30,1.482,1.4907,1.4627,1.4632,1.59
183,2007-12-07,1.4639,1.477,1.4526,1.4656,1.61
184,2007-12-14,1.4654,1.4749,1.4411,1.4429,1.59
185,2007-12-21,1.439,1.4453,1.4309,1.4376,1.75
186,2007-12-28,1.4376,1.4725,1.4358,1.4712,1.82
187,2008-01-04,1.4714,1.4823,1.4568,1.4772,1.84
188,2008-01-11,1.4746,1.4818,1.4638,1.4776,1.88
189,2008-01-18,1.4781,1.4918,1.459,1.4619,1.9
190,2008-01-25,1.4602,1.4778,1.4366,1.4676,1.91
191,2008-02-01,1.4671,1.494,1.4662,1.4804,1.84
192,2008-02-08,1.4799,1.4847,1.444,1.4507,1.79
193,2008-02-15,1.4516,1.4708,1.448,1.4678,1.76
194,2008-02-22,1.468,1.4859,1.461,1.4823,1.77
195,2008-02-29,1.4837,1.5238,1.4779,1.5189,1.87
196,2008-03-07,1.5194,1.5451,1.5146,1.5347,1.86
197,2008-03-14,1.5359,1.5687,1.5281,1.5673,1.78
198,2008-03-21,1.5722,1.5903,1.5396,1.5432,1.78
199,2008-03-28,1.5438,1.5857,1.5341,1.5795,1.76
200,2008-04-04,1.58,1.5894,1.5511,1.5737,1.62
201,2008-04-11,1.5733,1.5908,1.5627,1.5806,1.6
202,2008-04-18,1.5755,1.598,1.5671,1.5816,1.7
203,2008-04-25,1.5812,1.6017,1.5555,1.5629,1.8
204,2008-05-02,1.5621,1.569,1.5362,1.5424,1.76
205,2008-05-09,1.5427,1.5593,1.5289,1.548,1.52
206,2008-05-16,1.5468,1.5599,1.5366,1.5576,1.5
207,2008-05-23,1.5584,1.5807,1.5486,1.5763,1.58
208,2008-05-30,1.5768,1.5817,1.5462,1.5554,1.6
209,2008-06-06,1.5561,1.5777,1.5365,1.5777,1.73
210,2008-06-13,1.5784,1.5842,1.5304,1.538,1.98
211,2008-06-20,1.5392,1.5651,1.5346,1.5607,2.07
212,2008-06-27,1.5624,1.5793,1.5468,1.5793,2.07
213,2008-07-04,1.5785,1.5896,1.5656,1.5704,2.09
214,2008-07-11,1.5697,1.5945,1.5611,1.5937,2.0
215,2008-07-18,1.5894,1.6035,1.5783,1.5846,2.02
216,2008-07-25,1.5841,1.5942,1.5627,1.5708,2.05
217,2008-08-01,1.5695,1.5767,1.5513,1.5564,2.12
218,2008-08-08,1.5572,1.563,1.4997,1.5005,2.1
219,2008-08-15,1.4968,1.5082,1.4658,1.4687,2.22
220,2008-08-22,1.4683,1.4908,1.463,1.479,2.37
221,2008-08-29,1.4788,1.4808,1.457,1.4671,2.4
222,2008-09-05,1.4686,1.4717,1.4196,1.426,2.47
223,2008-09-12,1.4267,1.4429,1.3882,1.4219,2.53
224,2008-09-19,1.4222,1.4542,1.4073,1.4464,2.55
225,2008-09-26,1.4466,1.4867,1.4438,1.4601,2.58
226,2008-10-03,1.4612,1.4636,1.3704,1.3782,2.52
227,2008-10-10,1.3771,1.3786,1.326,1.3393,2.5
228,2008-10-17,1.3407,1.377,1.3347,1.3412,2.41
229,2008-10-24,1.3407,1.3531,1.2496,1.2622,2.55
230,2008-10-31,1.2622,1.3298,1.2329,1.2731,2.62
231,2008-11-07,1.2726,1.3116,1.2526,1.2718,2.68
232,2008-11-14,1.2714,1.293,1.2389,1.2603,2.7
233,2008-11-21,1.2648,1.2814,1.2447,1.2583,2.66
234,2008-11-28,1.2953,1.3072,1.2645,1.2693,2.67
235,2008-12-05,1.2692,1.2848,1.2549,1.2717,2.68
236,2008-12-12,1.2711,1.3416,1.2682,1.337,2.7
237,2008-12-19,1.3364,1.4719,1.3337,1.3907,2.75
238,2008-12-26,1.3906,1.4126,1.3902,1.4026,2.74
239,2009-01-02,1.4028,1.4363,1.384,1.3916,2.72
240,2009-01-09,1.3919,1.3963,1.3312,1.3463,2.65
241,2009-01-16,1.3472,1.3491,1.3026,1.3268,2.76
242,2009-01-23,1.3265,1.3386,1.2765,1.2958,2.81
243,2009-01-30,1.2972,1.3329,1.2764,1.2809,2.89
244,2009-02-06,1.281,1.3071,1.2707,1.2937,2.9
245,2009-02-13,1.2939,1.3094,1.2722,1.286,3.05
246,2009-02-20,1.286,1.2891,1.2513,1.2825,3.06
247,2009-02-27,1.2823,1.2992,1.2604,1.2672,3.11
248,2009-03-06,1.2669,1.2754,1.2457,1.2646,3.21
249,2009-03-13,1.2652,1.2957,1.2556,1.2927,3.14
250,2009-03-20,1.2927,1.3739,1.2833,1.3579,3.14
251,2009-03-27,1.3579,1.3736,1.3257,1.3286,3.18
252,2009-04-03,1.3289,1.3517,1.3113,1.3482,3.18
253,2009-04-10,1.3482,1.3582,1.3089,1.3187,3.14
254,2009-04-17,1.3185,1.3393,1.3018,1.3041,3.07
255,2009-04-24,1.3044,1.3301,1.2886,1.3242,3.05
256,2009-05-01,1.3152,1.3387,1.2965,1.3272,2.97
257,2009-05-08,1.3273,1.3653,1.3211,1.3639,2.91
258,2009-05-15,1.3632,1.3722,1.3462,1.3494,2.87
259,2009-05-22,1.3489,1.4051,1.3424,1.399,2.83
260,2009-05-29,1.4001,1.417,1.3793,1.4153,2.87
261,2009-06-05,1.4158,1.434,1.3933,1.3962,2.94
262,2009-06-12,1.3967,1.4178,1.3805,1.4014,2.97
263,2009-06-19,1.4015,1.4033,1.3749,1.3932,2.96
264,2009-06-26,1.3939,1.4138,1.3826,1.4055,2.86
265,2009-07-03,1.4052,1.4201,1.3928,1.4,2.85
266,2009-07-10,1.4004,1.4074,1.3832,1.3933,2.84
267,2009-07-17,1.3935,1.4166,1.3898,1.4094,2.85
268,2009-07-24,1.41,1.4291,1.4097,1.4205,2.91
269,2009-07-31,1.4204,1.4304,1.4006,1.4249,2.95
270,2009-08-07,1.4255,1.4449,1.4154,1.4183,2.94
271,2009-08-14,1.4182,1.4327,1.4087,1.4202,2.83
272,2009-08-21,1.42,1.4378,1.4046,1.4315,3.01
273,2009-08-28,1.4326,1.441,1.4205,1.4302,3.07
274,2009-09-04,1.4302,1.438,1.4177,1.4292,2.97
275,2009-09-11,1.4297,1.4635,1.4288,1.4565,2.96
276,2009-09-18,1.4579,1.4767,1.4515,1.4715,2.99
277,2009-09-25,1.4711,1.4844,1.461,1.4691,2.88
278,2009-10-02,1.4688,1.472,1.4481,1.4571,2.8
279,2009-10-09,1.4575,1.4817,1.4575,1.4724,2.78
280,2009-10-16,1.4719,1.497,1.4677,1.4904,2.79
281,2009-10-23,1.4902,1.506,1.4829,1.5007,2.86
282,2009-10-30,1.5006,1.5063,1.4684,1.473,2.84
283,2009-11-06,1.4718,1.4918,1.4627,1.4844,2.88
284,2009-11-13,1.4848,1.505,1.4822,1.4906,2.86
285,2009-11-20,1.49,1.5016,1.4801,1.4859,2.91
286,2009-11-27,1.4859,1.5145,1.4829,1.4983,2.87
287,2009-12-04,1.4983,1.5141,1.4822,1.4857,2.82
288,2009-12-11,1.4852,1.4905,1.4586,1.4624,2.75
289,2009-12-18,1.4615,1.4685,1.4262,1.4345,2.65
290,2009-12-25,1.4338,1.4437,1.4218,1.4378,2.59
291,2010-01-01,1.4378,1.4458,1.4274,1.4334,2.54
292,2010-01-08,1.4322,1.4484,1.4258,1.4407,2.46
293,2010-01-15,1.4408,1.458,1.4337,1.4385,2.43
294,2010-01-22,1.4383,1.4414,1.4028,1.4134,2.46
295,2010-01-29,1.4138,1.4194,1.3862,1.3862,2.37
296,2010-02-05,1.386,1.4026,1.3586,1.3678,2.36
297,2010-02-12,1.368,1.3839,1.353,1.3631,2.36
298,2010-02-19,1.363,1.379,1.3444,1.3611,2.35
299,2010-02-26,1.3611,1.3692,1.3451,1.3626,2.37
300,2010-03-05,1.363,1.3736,1.3434,1.3622,2.34
301,2010-03-12,1.3626,1.38,1.3538,1.3767,2.36
302,2010-03-19,1.3767,1.3818,1.3503,1.3529,2.42
303,2010-03-26,1.3527,1.357,1.3268,1.3407,2.33
304,2010-04-02,1.3411,1.3585,1.3385,1.3502,2.33
305,2010-04-09,1.3491,1.3538,1.3279,1.3499,2.34
306,2010-04-16,1.3628,1.3692,1.3469,1.3502,2.28
307,2010-04-23,1.3473,1.3523,1.3198,1.3384,2.26
308,2010-04-30,1.3344,1.3416,1.3112,1.329,2.18
309,2010-05-07,1.3327,1.333,1.2518,1.2752,2.07
310,2010-05-14,1.2838,1.3094,1.2351,1.2358,2.14
311,2010-05-21,1.2348,1.2673,1.2141,1.257,2.19
312,2010-05-28,1.2505,1.2517,1.215,1.2281,2.22
313,2010-06-04,1.2278,1.2354,1.1947,1.1966,2.24
314,2010-06-11,1.1944,1.2153,1.1874,1.2111,2.27
315,2010-06-18,1.2118,1.2416,1.2112,1.2387,2.3
316,2010-06-25,1.2426,1.2467,1.2207,1.2374,2.27
317,2010-07-02,1.2377,1.2611,1.2148,1.255,2.35
318,2010-07-09,1.2554,1.2722,1.2478,1.2641,2.36
319,2010-07-16,1.264,1.3007,1.2521,1.2929,2.23
320,2010-07-23,1.2904,1.3028,1.2729,1.2902,2.16
321,2010-07-30,1.2896,1.3107,1.2874,1.305,2.18
322,2010-08-06,1.3061,1.3334,1.305,1.3279,2.18
323,2010-08-13,1.3292,1.3308,1.2746,1.2751,2.2
324,2010-08-20,1.2765,1.2922,1.2661,1.2705,2.26
325,2010-08-27,1.2704,1.2779,1.2584,1.2761,2.27
326,2010-09-03,1.2764,1.2899,1.2622,1.2895,2.39
327,2010-09-10,1.2893,1.2919,1.2641,1.2671,2.33
328,2010-09-17,1.2706,1.3159,1.2701,1.3055,2.31
329,2010-09-24,1.305,1.3495,1.3026,1.3485,2.23
330,2010-10-01,1.3479,1.3792,1.3378,1.3792,2.3
331,2010-10-08,1.3788,1.4029,1.3635,1.394,2.35
332,2010-10-15,1.4001,1.4157,1.3772,1.3977,2.4
333,2010-10-22,1.3972,1.405,1.3696,1.3954,2.42
334,2010-10-29,1.3951,1.408,1.3732,1.3944,2.55
335,2010-11-05,1.3963,1.4282,1.3861,1.403,2.55
336,2010-11-12,1.4055,1.4085,1.357,1.369,2.43
337,2010-11-19,1.3704,1.3751,1.3445,1.3668,2.39
338,2010-11-26,1.3715,1.3786,1.3198,1.324,2.46
339,2010-12-03,1.3281,1.3438,1.2966,1.3414,2.39
340,2010-12-10,1.3384,1.3422,1.3162,1.3222,2.48
341,2010-12-17,1.3198,1.3497,1.313,1.3187,2.48
342,2010-12-24,1.3185,1.3202,1.305,1.3121,2.43
343,2010-12-31,1.3114,1.3424,1.307,1.3385,2.38
344,2011-01-07,1.3285,1.3434,1.2899,1.2905,2.43
345,2011-01-14,1.2877,1.3457,1.287,1.3386,2.51
346,2011-01-21,1.3383,1.3625,1.3242,1.3619,2.55
347,2011-01-28,1.364,1.3758,1.3537,1.3609,2.54
348,2011-02-04,1.3586,1.3861,1.354,1.3582,2.4
349,2011-02-11,1.3562,1.3744,1.3495,1.3547,2.37
350,2011-02-18,1.3506,1.3715,1.3426,1.3693,2.34
351,2011-02-25,1.3699,1.3838,1.3523,1.3748,2.26
352,2011-03-04,1.3754,1.4006,1.3709,1.3986,1.98
353,2011-03-11,1.3989,1.4036,1.375,1.3901,1.82
354,2011-03-18,1.3969,1.4184,1.3853,1.418,1.81
355,2011-03-25,1.4173,1.425,1.405,1.4085,1.76
356,2011-04-01,1.4043,1.4245,1.4018,1.4231,1.78
357,2011-04-08,1.4228,1.4488,1.4151,1.4479,1.7
358,2011-04-15,1.4451,1.452,1.4363,1.4429,1.58
359,2011-04-22,1.4416,1.465,1.4155,1.4559,1.66
360,2011-04-29,1.4563,1.4882,1.4491,1.4809,1.7
361,2011-05-06,1.4826,1.494,1.4306,1.4321,1.59
362,2011-05-13,1.4362,1.4442,1.4064,1.411,1.58
363,2011-05-20,1.4076,1.4345,1.4045,1.4156,1.57
364,2011-05-27,1.4133,1.4324,1.3966,1.431,1.56
365,2011-06-03,1.4308,1.4642,1.4255,1.4636,1.54
366,2011-06-10,1.463,1.4696,1.4321,1.4346,1.54
367,2011-06-17,1.4331,1.4497,1.407,1.43,1.53
368,2011-06-24,1.4276,1.4442,1.4124,1.4186,1.58
369,2011-07-01,1.4186,1.4551,1.41,1.4523,1.51
370,2011-07-08,1.4537,1.4577,1.4205,1.4264,1.38
371,2011-07-15,1.4221,1.4282,1.3837,1.4149,1.47
372,2011-07-22,1.4127,1.4438,1.4013,1.4354,1.68
373,2011-07-29,1.4399,1.4536,1.4228,1.4398,1.61
374,2011-08-05,1.4358,1.4453,1.4054,1.4278,1.7
375,2011-08-12,1.4368,1.4401,1.4101,1.4245,1.8
376,2011-08-19,1.4264,1.4517,1.4257,1.4393,1.85
377,2011-08-26,1.4374,1.4501,1.4327,1.4498,1.82
378,2011-09-02,1.4484,1.4548,1.4183,1.4207,1.75
379,2011-09-09,1.4162,1.4275,1.3626,1.3656,1.81
380,2011-09-16,1.3576,1.3936,1.3501,1.3792,1.88
381,2011-09-23,1.3675,1.3788,1.3383,1.3499,1.84
382,2011-09-30,1.3508,1.369,1.3362,1.3386,1.77
383,2011-10-07,1.3362,1.3524,1.3145,1.3376,1.74
384,2011-10-14,1.3388,1.3894,1.3376,1.3875,1.82
385,2011-10-21,1.3877,1.3914,1.3652,1.3892,1.91
386,2011-10-28,1.3869,1.4246,1.3798,1.4146,1.93
387,2011-11-04,1.415,1.4171,1.3607,1.3789,1.91
388,2011-11-11,1.3826,1.3859,1.3483,1.3746,1.82
389,2011-11-18,1.3807,1.3808,1.342,1.3522,1.75
390,2011-11-25,1.351,1.3568,1.3211,1.3234,1.78
391,2011-12-02,1.3319,1.3548,1.3258,1.3392,1.71
392,2011-12-09,1.3422,1.3486,1.328,1.3384,1.89
393,2011-12-16,1.3377,1.3381,1.2947,1.3041,2.0
394,2011-12-23,1.3039,1.3196,1.298,1.3045,2.04
395,2011-12-30,1.3041,1.3083,1.2857,1.2956,2.1
396,2012-01-06,1.2937,1.3077,1.2696,1.2716,2.19
397,2012-01-13,1.2695,1.2878,1.2625,1.2673,2.29
398,2012-01-20,1.2634,1.2986,1.2624,1.2929,2.24
399,2012-01-27,1.2874,1.3233,1.2874,1.3216,2.25
400,2012-02-03,1.3224,1.3225,1.3025,1.3156,2.21
401,2012-02-10,1.3116,1.3321,1.3026,1.3196,2.23
402,2012-02-17,1.3206,1.3284,1.2973,1.3143,2.24
403,2012-02-24,1.318,1.3485,1.317,1.3448,2.26
404,2012-03-02,1.3462,1.3485,1.3185,1.32,2.32
405,2012-03-09,1.3191,1.3291,1.3094,1.312,2.26
406,2012-03-16,1.3111,1.3191,1.3001,1.3175,2.11
407,2012-03-23,1.3181,1.3291,1.3134,1.3268,2.06
408,2012-03-30,1.3267,1.3385,1.3191,1.3338,2.03
409,2012-04-06,1.3356,1.338,1.3034,1.3095,2.09
410,2012-04-13,1.3097,1.3213,1.3031,1.3075,2.05
411,2012-04-20,1.3069,1.3227,1.2994,1.322,2.16
412,2012-04-27,1.3191,1.327,1.3104,1.3255,2.22
413,2012-05-04,1.324,1.3284,1.3073,1.3082,2.21
414,2012-05-11,1.3027,1.3065,1.2904,1.2919,2.18
415,2012-05-18,1.2885,1.2904,1.264,1.2778,2.14
416,2012-05-25,1.2777,1.2825,1.2495,1.2512,2.12
417,2012-06-01,1.2571,1.2619,1.2287,1.2432,2.18
418,2012-06-08,1.2432,1.2624,1.2383,1.2504,2.22
419,2012-06-15,1.2653,1.2668,1.2441,1.2636,2.25
420,2012-06-22,1.2741,1.2747,1.2517,1.257,2.32
421,2012-06-29,1.2552,1.2692,1.2406,1.266,2.38
422,2012-07-06,1.267,1.2673,1.2259,1.2281,2.31
423,2012-07-13,1.2266,1.2334,1.2161,1.2243,2.38
424,2012-07-20,1.225,1.2323,1.2142,1.2154,2.41
425,2012-07-27,1.2121,1.239,1.2041,1.2321,2.32
426,2012-08-03,1.2301,1.2403,1.2132,1.2386,2.42
427,2012-08-10,1.2393,1.2443,1.224,1.2288,2.31
428,2012-08-17,1.2286,1.2385,1.2254,1.2321,2.13
429,2012-08-24,1.2338,1.2589,1.2293,1.2512,2.23
430,2012-08-31,1.2507,1.2637,1.2464,1.2576,2.24
431,2012-09-07,1.258,1.2828,1.2499,1.2815,2.19
432,2012-09-14,1.2806,1.3168,1.2752,1.3137,2.03
433,2012-09-21,1.3124,1.3172,1.2918,1.2971,1.94
434,2012-09-28,1.2979,1.298,1.2828,1.2857,1.9
435,2012-10-05,1.2814,1.3071,1.2803,1.3029,1.93
436,2012-10-12,1.3022,1.3025,1.2824,1.2953,1.91
437,2012-10-19,1.2955,1.3139,1.2889,1.3022,1.94
438,2012-10-26,1.3023,1.3083,1.2881,1.2935,2.0
439,2012-11-02,1.294,1.302,1.282,1.2841,2.14
440,2012-11-09,1.2815,1.2876,1.2689,1.2709,2.13
441,2012-11-16,1.271,1.2802,1.2659,1.274,2.01
442,2012-11-23,1.2747,1.299,1.2735,1.2976,2.11
443,2012-11-30,1.2966,1.3027,1.2879,1.2985,2.0
444,2012-12-07,1.2982,1.3126,1.2875,1.2923,1.81
445,2012-12-14,1.2888,1.3173,1.2884,1.316,1.77
446,2012-12-21,1.3165,1.3308,1.3142,1.3187,1.85
447,2012-12-28,1.3174,1.3283,1.3164,1.3217,1.86
448,2013-01-04,1.3212,1.3299,1.2996,1.3066,2.0
449,2013-01-11,1.3075,1.3365,1.3015,1.3342,2.18
450,2013-01-18,1.3359,1.3404,1.3256,1.3313,2.24
451,2013-01-25,1.3308,1.3478,1.3262,1.3457,2.14
452,2013-02-01,1.3464,1.3711,1.3413,1.3639,2.19
453,2013-02-08,1.3654,1.3658,1.335,1.3364,2.27
454,2013-02-15,1.3369,1.352,1.3305,1.3357,2.25
455,2013-02-22,1.3346,1.3434,1.3144,1.3187,2.33
456,2013-03-01,1.3215,1.3318,1.2965,1.302,2.36
457,2013-03-08,1.301,1.3134,1.2954,1.3001,2.36
458,2013-03-15,1.2995,1.3107,1.291,1.3076,2.32
459,2013-03-22,1.2908,1.3076,1.2841,1.2988,2.25
460,2013-03-29,1.2961,1.3048,1.275,1.2819,2.19
461,2013-04-05,1.2809,1.304,1.2746,1.2989,2.36
462,2013-04-12,1.2992,1.3138,1.2967,1.3107,2.47
463,2013-04-19,1.3104,1.3199,1.3,1.3053,2.55
464,2013-04-26,1.3063,1.3093,1.2954,1.3029,2.61
465,2013-05-03,1.3059,1.3242,1.3029,1.3114,2.54
466,2013-05-10,1.3118,1.3194,1.2934,1.2992,2.44
467,2013-05-17,1.2977,1.3028,1.2795,1.2838,2.37
468,2013-05-24,1.2844,1.2998,1.2818,1.2932,2.41
469,2013-05-31,1.2934,1.3061,1.2837,1.2993,2.41
470,2013-06-07,1.299,1.3305,1.2952,1.3216,2.47
471,2013-06-14,1.3203,1.339,1.3175,1.3345,2.53
472,2013-06-21,1.3348,1.3415,1.3098,1.3115,2.49
473,2013-06-28,1.3104,1.315,1.2984,1.302,2.53
474,2013-07-05,1.3014,1.3077,1.2806,1.2827,2.57
475,2013-07-12,1.2822,1.3199,1.2757,1.3062,2.6
476,2013-07-19,1.3067,1.317,1.2991,1.3139,2.57
477,2013-07-26,1.3136,1.3294,1.3136,1.3275,2.63
478,2013-08-02,1.3279,1.3343,1.319,1.3276,2.62
479,2013-08-09,1.3279,1.3399,1.3234,1.3335,2.59
480,2013-08-16,1.3337,1.3378,1.3208,1.3328,2.47
481,2013-08-23,1.3334,1.345,1.3298,1.3381,2.54
482,2013-08-30,1.3382,1.3397,1.3179,1.3218,2.57
483,2013-09-06,1.3212,1.3225,1.3103,1.3177,2.62
484,2013-09-13,1.3173,1.3324,1.3165,1.329,2.66
485,2013-09-20,1.3366,1.3567,1.3325,1.3522,2.71
486,2013-09-27,1.353,1.3563,1.3463,1.3522,2.67
487,2013-10-04,1.348,1.3644,1.3477,1.3556,2.68
488,2013-10-11,1.3562,1.3605,1.3488,1.3545,2.77
489,2013-10-18,1.3556,1.3703,1.3474,1.3682,2.72
490,2013-10-25,1.3682,1.3831,1.3651,1.3803,2.74
491,2013-11-01,1.3806,1.3817,1.3478,1.3486,2.72
492,2013-11-08,1.3486,1.3544,1.3303,1.3369,2.71
493,2013-11-15,1.3357,1.3503,1.3343,1.3495,2.69
494,2013-11-22,1.3496,1.3575,1.34,1.3557,2.73
495,2013-11-29,1.3549,1.3621,1.3491,1.3586,2.75
496,2013-12-06,1.3586,1.3705,1.3524,1.3704,2.68
497,2013-12-13,1.3713,1.3807,1.3694,1.374,2.73
498,2013-12-20,1.3727,1.3804,1.3625,1.3668,2.82
499,2013-12-27,1.3671,1.3881,1.3655,1.3746,2.86
500,2014-01-03,1.3755,1.3819,1.3582,1.3586,2.96
501,2014-01-10,1.3591,1.3685,1.3552,1.3668,3.01
502,2014-01-17,1.3677,1.3696,1.3517,1.3537,2.99
503,2014-01-24,1.3537,1.3733,1.3507,1.3678,2.89
504,2014-01-31,1.3677,1.3712,1.3479,1.3487,2.86
505,2014-02-07,1.3481,1.3639,1.3476,1.3631,2.84
506,2014-02-14,1.3614,1.3713,1.3562,1.3691,2.74
507,2014-02-21,1.3707,1.3772,1.3688,1.3736,2.74
508,2014-02-28,1.3732,1.3823,1.3642,1.3797,2.74
509,2014-03-07,1.3757,1.3913,1.371,1.3873,2.68
510,2014-03-14,1.3871,1.3964,1.3835,1.3911,2.57
511,2014-03-21,1.3911,1.3945,1.3751,1.3793,2.55
512,2014-03-28,1.3798,1.3865,1.3706,1.3748,2.66
513,2014-04-04,1.3753,1.3817,1.3675,1.3706,2.68
514,2014-04-11,1.37,1.3904,1.3695,1.3884,2.64
515,2014-04-18,1.3856,1.3863,1.3793,1.3808,2.66
516,2014-04-25,1.3816,1.3853,1.3783,1.3831,2.79
517,2014-05-02,1.3839,1.3889,1.3788,1.3869,2.92
518,2014-05-09,1.3873,1.399,1.3745,1.3751,2.92
519,2014-05-16,1.3756,1.3774,1.365,1.3692,2.76
520,2014-05-23,1.3697,1.3734,1.3616,1.3627,2.86
521,2014-05-30,1.3624,1.3668,1.3587,1.3634,2.73
522,2014-06-06,1.3629,1.3674,1.3506,1.3641,2.62
523,2014-06-13,1.3645,1.3668,1.3512,1.3539,2.64
524,2014-06-20,1.3538,1.3642,1.3513,1.36,2.57
525,2014-06-27,1.3595,1.3649,1.3575,1.3647,2.54
526,2014-07-04,1.3644,1.3696,1.3585,1.3596,2.64
527,2014-07-11,1.3593,1.365,1.3575,1.3605,2.56
528,2014-07-18,1.3605,1.3639,1.3492,1.3524,2.55
529,2014-07-25,1.3526,1.3548,1.3422,1.3434,2.33
530,2014-08-01,1.3429,1.3444,1.3368,1.343,2.2
531,2014-08-08,1.3426,1.3431,1.3333,1.341,2.12
532,2014-08-15,1.3407,1.3414,1.3337,1.3398,2.14
533,2014-08-22,1.3391,1.3398,1.3223,1.3245,1.99
534,2014-08-29,1.3191,1.3217,1.3131,1.3133,1.93
535,2014-09-05,1.3129,1.3159,1.2922,1.2951,1.83
536,2014-09-12,1.2953,1.2977,1.2859,1.2961,1.7
537,2014-09-19,1.2968,1.2994,1.2828,1.2829,1.73
538,2014-09-26,1.2826,1.2898,1.2676,1.2683,1.73
539,2014-10-03,1.268,1.2713,1.25,1.2512,1.79
540,2014-10-10,1.2514,1.2788,1.2508,1.2627,1.81
541,2014-10-17,1.2628,1.2875,1.2625,1.2758,1.9
542,2014-10-24,1.2755,1.2838,1.2616,1.2669,1.94
543,2014-10-31,1.2673,1.2768,1.2489,1.2521,2.04
544,2014-11-07,1.2506,1.2572,1.2365,1.2454,1.96
545,2014-11-14,1.24632,1.25463,1.2396,1.2522,1.88
546,2014-11-21,1.25182,1.26002,1.2373,1.239,2.0
547,2014-11-28,1.2437,1.25283,1.24,1.2451,2.01
548,2014-12-05,1.24462,1.25065,1.22697,1.2285,2.0
549,2014-12-12,1.22847,1.24952,1.2245,1.246,2.02
550,2014-12-19,1.24739,1.25699,1.22188,1.22255,1.9
551,2015-01-02,1.22204,1.22726,1.19925,1.19965,1.87
552,2015-01-09,1.19453,1.19763,1.1752,1.18359,1.9
553,2015-01-16,1.18667,1.18709,1.1458,1.15689,1.87
554,2015-01-23,1.15636,1.16796,1.1113,1.12031,1.76
555,2015-01-30,1.1143,1.14225,1.10966,1.12859,1.8
556,2015-02-06,1.13116,1.15338,1.129,1.13095,1.69
557,2015-02-13,1.13122,1.14431,1.1267,1.13775,1.62
558,2015-02-20,1.13987,1.14501,1.12779,1.13793,1.63
559,2015-02-27,1.1379,1.13932,1.1173,1.11865,1.67
560,2015-03-06,1.11814,1.12405,1.08342,1.08455,1.59
561,2015-03-13,1.08382,1.09065,1.0461,1.05,1.68
562,2015-03-20,1.0499,1.104,1.0476,1.08115,1.74
563,2015-03-27,1.08391,1.10522,1.0766,1.08935,1.81
564,2015-04-03,1.08875,1.1027,1.0712,1.09635,1.79
565,2015-04-10,1.10019,1.10356,1.0566,1.05968,1.71
566,2015-04-17,1.06126,1.08487,1.0519,1.08051,1.67
567,2015-04-24,1.0794,1.09002,1.0658,1.08695,1.68
568,2015-05-01,1.0865,1.129,1.0818,1.11958,1.81
569,2015-05-08,1.11855,1.13917,1.1064,1.1192,1.76
570,2015-05-15,1.11967,1.14667,1.1128,1.1442,1.64
571,2015-05-22,1.144,1.1447,1.0999,1.1002,1.63
572,2015-05-29,1.10017,1.10097,1.0817,1.09908,1.74
573,2015-06-05,1.09681,1.138,1.0885,1.11068,1.76
574,2015-06-12,1.11079,1.13865,1.1081,1.12571,1.65
575,2015-06-19,1.1226,1.14362,1.1186,1.135,1.54
576,2015-06-26,1.13605,1.14103,1.1129,1.11617,1.47
577,2015-07-03,1.09901,1.12785,1.0967,1.1115,1.52
578,2015-07-10,1.10217,1.12159,1.0914,1.11516,1.52
579,2015-07-17,1.1119,1.11969,1.0824,1.0828,1.61
580,2015-07-24,1.08385,1.10179,1.0807,1.098,1.64
581,2015-07-31,1.0975,1.11294,1.0892,1.09804,1.64
582,2015-08-07,1.09754,1.09959,1.0846,1.09617,1.62
583,2015-08-14,1.0965,1.1214,1.0923,1.1104,1.61
584,2015-08-21,1.1105,1.1393,1.1015,1.13836,1.61
585,2015-08-28,1.1391,1.1714,1.11541,1.11798,1.76
586,2015-09-04,1.11977,1.13322,1.1085,1.1149,1.74
587,2015-09-11,1.11452,1.13495,1.112,1.1339,1.88
588,2015-09-18,1.1344,1.14602,1.1211,1.1308,1.95
589,2015-09-25,1.12943,1.13301,1.1102,1.1192,1.98
590,2015-10-02,1.119,1.13184,1.1132,1.1207,2.0
591,2015-10-09,1.12152,1.13872,1.117,1.1355,2.04
592,2015-10-16,1.13619,1.14952,1.1333,1.13473,2.21
593,2015-10-23,1.13521,1.13871,1.0995,1.1015,2.22
594,2015-10-30,1.10188,1.1096,1.0896,1.1011,2.32
595,2015-11-06,1.10322,1.1053,1.07051,1.07356,2.21
596,2015-11-13,1.07304,1.08303,1.0671,1.0772,2.0
597,2015-11-20,1.0736,1.0763,1.0615,1.06419,1.97
598,2015-11-27,1.06436,1.069,1.0565,1.05874,2.01
599,2015-12-04,1.05917,1.09811,1.05216,1.08818,1.97
600,2015-12-11,1.08755,1.10428,1.0793,1.09865,1.99
601,2015-12-18,1.09709,1.106,1.08,1.08629,1.88
602,2015-12-25,1.08553,1.09842,1.0846,1.0973,2.01
603,2016-01-01,1.09618,1.09925,1.0848,1.08584,1.96
604,2016-01-08,1.08665,1.09463,1.0708,1.09193,1.95
605,2016-01-15,1.09439,1.09846,1.0802,1.0914,1.99
606,2016-01-22,1.09103,1.0976,1.07768,1.07934,1.94
607,2016-01-29,1.07926,1.09677,1.07875,1.0827,1.95
608,2016-02-05,1.0829,1.12457,1.08124,1.11521,1.94
609,2016-02-12,1.11456,1.13763,1.1084,1.1254,2.04
610,2016-02-19,1.12382,1.12416,1.1065,1.11264,2.04
611,2016-02-26,1.1116,1.11247,1.091,1.0931,1.94
612,2016-03-04,1.09166,1.10434,1.08236,1.1004,2.02
613,2016-03-11,1.0992,1.12178,1.08218,1.1152,2.05
614,2016-03-18,1.11641,1.13425,1.1055,1.1269,2.07
615,2016-03-25,1.12733,1.12854,1.11427,1.1163,2.28
616,2016-04-01,1.11597,1.14377,1.1152,1.1394,2.2
617,2016-04-08,1.13914,1.1454,1.1325,1.1395,2.22
618,2016-04-15,1.14045,1.14648,1.1231,1.12936,1.93
619,2016-04-22,1.12815,1.13933,1.12153,1.12153,1.97
620,2016-04-29,1.12307,1.146,1.12225,1.14485,1.87
621,2016-05-06,1.14542,1.16163,1.1384,1.13991,2.03
622,2016-05-13,1.13963,1.14467,1.1281,1.1305,1.99
623,2016-05-20,1.13145,1.13462,1.1177,1.12191,2.17
624,2016-05-27,1.12163,1.12429,1.11087,1.11087,2.19
625,2016-06-03,1.11107,1.13736,1.10959,1.13627,2.17
626,2016-06-10,1.13561,1.14155,1.12438,1.12484,2.27
627,2016-06-17,1.12491,1.13029,1.11289,1.1279,2.62
628,2016-06-24,1.13229,1.1428,1.09108,1.11148,2.97
629,2016-07-01,1.1072,1.11694,1.09699,1.1135,2.97
630,2016-07-08,1.11294,1.1186,1.10008,1.1049,2.94
631,2016-07-15,1.10499,1.11648,1.1014,1.10261,3.12
632,2016-07-22,1.10572,1.10838,1.0953,1.0975,3.11
633,2016-07-29,1.09712,1.11974,1.095,1.1175,2.96
634,2016-08-05,1.11711,1.12338,1.1044,1.1081,2.99
635,2016-08-12,1.10909,1.12214,1.1068,1.11623,3.0
636,2016-08-19,1.11599,1.13663,1.1151,1.1325,3.01
637,2016-08-26,1.13137,1.13553,1.1179,1.1195,3.1
638,2016-09-02,1.11953,1.1252,1.1121,1.1152,3.15
639,2016-09-09,1.11567,1.13271,1.1138,1.1225,3.2
640,2016-09-16,1.12365,1.12842,1.1147,1.11566,3.24
641,2016-09-23,1.11588,1.12574,1.112,1.1226,3.36
642,2016-09-30,1.12347,1.128,1.1151,1.12403,3.41
643,2016-10-07,1.12353,1.12416,1.1102,1.12,3.51
644,2016-10-14,1.11919,1.12004,1.0966,1.0966,3.54
645,2016-10-21,1.0971,1.10392,1.0857,1.08838,3.47
646,2016-10-28,1.08785,1.09917,1.0848,1.0981,3.38
647,2016-11-04,1.09779,1.1145,1.0934,1.1145,3.29
648,2016-11-11,1.10838,1.12996,1.0829,1.08519,3.46
649,2016-11-18,1.0838,1.08398,1.0567,1.05841,3.47
650,2016-11-25,1.05864,1.066,1.0516,1.05892,3.46
651,2016-12-02,1.05975,1.06899,1.0552,1.06608,3.6
652,2016-12-09,1.05333,1.08735,1.05038,1.05578,3.68
653,2016-12-16,1.05456,1.06701,1.0364,1.04492,3.54
654,2016-12-23,1.04457,1.04993,1.035,1.0446,3.4
655,2016-12-30,1.04546,1.06542,1.037,1.0516,3.42
656,2017-01-06,1.0518,1.06221,1.03394,1.0532,3.36
657,2017-01-13,1.05331,1.06848,1.0452,1.06399,3.4
658,2017-01-20,1.06213,1.072,1.0577,1.0699,3.38
659,2017-01-27,1.07029,1.0775,1.0655,1.06979,3.37
660,2017-02-03,1.07135,1.08288,1.06188,1.07804,3.42
661,2017-02-10,1.0784,1.07889,1.0606,1.0637,3.18
662,2017-02-17,1.06308,1.068,1.0519,1.06128,2.93
663,2017-02-24,1.06201,1.0633,1.0492,1.0551,2.84
664,2017-03-03,1.05591,1.06306,1.0493,1.06182,2.89
665,2017-03-10,1.06094,1.06991,1.0522,1.067,2.68
666,2017-03-17,1.06791,1.07824,1.0598,1.07338,2.61
667,2017-03-24,1.07413,1.08247,1.0717,1.0795,2.67
668,2017-03-31,1.08479,1.09061,1.06498,1.0663,2.54
669,2017-04-07,1.06712,1.069,1.0578,1.05895,2.5
670,2017-04-14,1.05784,1.06777,1.0568,1.06117,2.45
671,2017-04-21,1.06048,1.07776,1.0602,1.07246,2.52
672,2017-04-28,1.08842,1.09509,1.0818,1.08932,2.61
673,2017-05-05,1.09023,1.1,1.0873,1.0995,2.74
674,2017-05-12,1.0993,1.09968,1.0837,1.0926,2.71
675,2017-05-19,1.09253,1.12122,1.092,1.1204,2.59
676,2017-05-26,1.12062,1.12683,1.1159,1.1177,2.56
677,2017-06-02,1.11827,1.12851,1.1107,1.1279,2.61
678,2017-06-09,1.12785,1.12843,1.1164,1.1194,2.76
679,2017-06-16,1.12036,1.1296,1.113,1.11837,2.94
680,2017-06-23,1.12036,1.12129,1.11168,1.1183,3.02
681,2017-06-30,1.11964,1.14456,1.117,1.1427,2.97
682,2017-07-07,1.14252,1.144,1.1311,1.1398,3.05
683,2017-07-14,1.13999,1.14896,1.1369,1.14613,3.02
684,2017-07-21,1.14699,1.1683,1.1433,1.1659,2.99
685,2017-07-28,1.16726,1.17768,1.1612,1.1751,3.17
686,2017-08-04,1.17592,1.19103,1.1721,1.1772,3.26
687,2017-08-11,1.17859,1.18473,1.16878,1.18241,3.22
688,2017-08-18,1.18215,1.184,1.16618,1.176,3.31
689,2017-08-25,1.17538,1.19415,1.17294,1.1924,3.25
690,2017-09-01,1.19519,1.20704,1.1821,1.1857,3.33
691,2017-09-08,1.18783,1.20924,1.1867,1.2035,3.54
692,2017-09-15,1.20187,1.203,1.1837,1.19418,3.56
693,2017-09-22,1.19418,1.20338,1.186,1.1951,3.76
694,2017-09-29,1.19221,1.19365,1.1716,1.1813,3.81
695,2017-10-06,1.18107,1.18115,1.1668,1.17259,3.85
696,2017-10-13,1.17391,1.188,1.1718,1.18199,3.94
697,2017-10-20,1.18067,1.186,1.1729,1.1783,3.89
698,2017-10-27,1.17617,1.18369,1.1572,1.1606,3.79
699,2017-11-03,1.15949,1.16917,1.1594,1.1605,3.68
700,2017-11-10,1.16151,1.168,1.1553,1.1663,3.72
701,2017-11-17,1.16568,1.18606,1.1636,1.17875,3.63
702,2017-11-24,1.17652,1.19444,1.1712,1.1931,3.69
703,2017-12-01,1.1935,1.19612,1.1808,1.18971,3.74
704,2017-12-08,1.18691,1.188,1.1729,1.17686,3.69
705,2017-12-15,1.17693,1.18627,1.1716,1.1749,3.66
706,2017-12-22,1.17457,1.19018,1.1739,1.186,3.66
707,2017-12-29,1.1858,1.20255,1.18423,1.1994,3.66
708,2018-01-05,1.2002,1.209,1.19912,1.2026,3.77
709,2018-01-12,1.20314,1.22188,1.1914,1.21991,3.83
710,2018-01-19,1.22026,1.23232,1.21638,1.22195,3.83
711,2018-01-26,1.22586,1.25378,1.2213,1.24224,3.76
712,2018-02-02,1.24153,1.25229,1.2334,1.2457,3.56
713,2018-02-09,1.2431,1.24749,1.2204,1.22515,3.47
714,2018-02-16,1.22518,1.25556,1.2233,1.2411,3.34
715,2018-02-23,1.2415,1.24352,1.22579,1.2294,3.3
716,2018-03-02,1.22881,1.2355,1.2153,1.2317,3.35
717,2018-03-09,1.23453,1.24462,1.2267,1.23054,3.48
718,2018-03-16,1.23104,1.24127,1.2259,1.2285,3.53
719,2018-03-23,1.22852,1.239,1.2237,1.23524,3.49
720,2018-03-30,1.23668,1.24765,1.2282,1.2323,3.43
721,2018-04-06,1.23172,1.2345,1.2214,1.22825,3.43
722,2018-04-13,1.22739,1.23964,1.2259,1.23283,3.28
723,2018-04-20,1.23285,1.24137,1.2249,1.22864,3.28
724,2018-04-27,1.228,1.229,1.2053,1.2125,3.43
725,2018-05-04,1.21213,1.214,1.1909,1.19585,3.46
726,2018-05-11,1.19598,1.1978,1.1821,1.19415,3.41
727,2018-05-18,1.19472,1.19961,1.1749,1.17699,3.37
728,2018-05-25,1.17664,1.183,1.1644,1.165,3.46
729,2018-06-01,1.16888,1.173,1.1509,1.16588,3.48
730,2018-06-08,1.16623,1.184,1.1651,1.17677,3.67
731,2018-06-15,1.17715,1.18518,1.1542,1.1609,3.77
732,2018-06-22,1.15945,1.1675,1.1507,1.16536,3.67
733,2018-06-29,1.16689,1.17205,1.1526,1.16839,3.62
734,2018-07-06,1.16736,1.17678,1.159,1.17462,3.55
735,2018-07-13,1.17499,1.17908,1.1611,1.16843,3.42
736,2018-07-20,1.16828,1.17447,1.1574,1.1718,3.53
737,2018-07-27,1.17338,1.17512,1.1619,1.1659,3.63
738,2018-08-03,1.166,1.17459,1.1559,1.1565,3.75
739,2018-08-10,1.15608,1.16282,1.1386,1.14115,3.89
740,2018-08-17,1.1398,1.14449,1.13,1.1437,3.7
741,2018-08-24,1.14377,1.16399,1.1393,1.1621,3.59
742,2018-08-31,1.16281,1.17335,1.1583,1.1599,3.29
743,2018-09-07,1.15974,1.16593,1.1529,1.15521,3.14
744,2018-09-14,1.15551,1.17216,1.1525,1.16246,3.23
745,2018-09-21,1.16255,1.18027,1.1617,1.17474,3.1
746,2018-09-28,1.1746,1.18153,1.1569,1.16,2.96
747,2018-10-05,1.16047,1.16246,1.1462,1.15229,2.87
748,2018-10-12,1.1525,1.16105,1.1429,1.15585,2.93
749,2018-10-19,1.1551,1.16215,1.1432,1.15129,2.76
750,2018-10-26,1.15116,1.15502,1.1334,1.14,2.74
751,2018-11-02,1.1404,1.14558,1.13,1.1387,2.75
752,2018-11-09,1.13909,1.14997,1.1315,1.1333,2.92
753,2018-11-16,1.13166,1.14203,1.1214,1.1418,2.9
754,2018-11-23,1.14163,1.14724,1.13262,1.13365,2.91
755,2018-11-30,1.13362,1.14018,1.1265,1.13192,2.75
756,2018-12-07,1.13317,1.14237,1.13099,1.13892,2.88
757,2018-12-14,1.13979,1.14427,1.1268,1.1307,2.92
758,2018-12-21,1.13055,1.14859,1.1302,1.1367,2.75
759,2018-12-28,1.13683,1.14728,1.1341,1.14415,2.56
760,2019-01-04,1.14392,1.1545,1.1308,1.13942,2.3
761,2019-01-11,1.14046,1.15698,1.1402,1.1464,2.48
762,2019-01-18,1.14646,1.14897,1.1352,1.136,2.24
763,2019-01-25,1.13653,1.14176,1.1288,1.1405,2.18
764,2019-02-01,1.14086,1.15143,1.1389,1.14537,2.26
765,2019-02-08,1.14555,1.14604,1.1317,1.1321,2.67
766,2019-02-15,1.13181,1.13416,1.1233,1.1294,2.66
767,2019-02-22,1.12907,1.13713,1.1274,1.13344,3.1
768,2019-03-01,1.1336,1.14197,1.1333,1.1362,3.38
769,2019-03-08,1.1377,1.13815,1.1175,1.12347,3.78
770,2019-03-15,1.12342,1.13444,1.122,1.1324,3.82
771,2019-03-22,1.13264,1.14482,1.1272,1.13,3.92
772,2019-03-29,1.12954,1.13316,1.1208,1.1217,3.74
773,2019-04-05,1.12218,1.12547,1.1182,1.1212,4.02
774,2019-04-12,1.12185,1.13239,1.1213,1.12984,3.69
775,2019-04-19,1.13046,1.13237,1.1224,1.12449,3.7
776,2019-04-26,1.12421,1.1262,1.1109,1.1149,3.84
777,2019-05-03,1.11505,1.12648,1.1134,1.11933,3.54
778,2019-05-10,1.11939,1.12536,1.1165,1.12379,3.66
779,2019-05-17,1.12352,1.12636,1.1154,1.11581,3.69
780,2019-05-24,1.11628,1.12121,1.1106,1.1202,3.79
781,2019-05-31,1.12098,1.12152,1.1115,1.11686,3.83
782,2019-06-07,1.11716,1.13479,1.1159,1.1333,3.91
783,2019-06-14,1.13172,1.13435,1.1201,1.12089,3.99
784,2019-06-21,1.12145,1.13778,1.118,1.13685,4.04
785,2019-06-28,1.13746,1.14122,1.1343,1.13733,4.11
786,2019-07-05,1.13685,1.13711,1.1206,1.12245,3.98
787,2019-07-12,1.12286,1.1286,1.1192,1.127,3.9
788,2019-07-19,1.12718,1.12839,1.1198,1.12211,4.0
789,2019-07-26,1.12177,1.12255,1.11,1.11278,4.09
790,2019-08-02,1.11316,1.11621,1.1025,1.11083,4.2
791,2019-08-09,1.11057,1.12496,1.1104,1.1197,4.15
792,2019-08-16,1.12021,1.12308,1.1065,1.109,3.98
793,2019-08-23,1.10952,1.11532,1.105,1.11431,4.03
794,2019-08-30,1.1154,1.11541,1.0961,1.0989,3.84
795,2019-09-06,1.0992,1.10847,1.0924,1.10289,3.86
796,2019-09-13,1.10249,1.11096,1.0926,1.1071,3.85
797,2019-09-20,1.10789,1.10864,1.0989,1.1017,3.83
798,2019-09-27,1.10177,1.10255,1.0904,1.09394,3.81
799,2019-10-04,1.09445,1.09994,1.0878,1.0975,3.67
800,2019-10-11,1.09812,1.10628,1.0939,1.1035,3.54
801,2019-10-18,1.10299,1.1183,1.0989,1.1182,3.55
802,2019-10-25,1.11573,1.11795,1.1071,1.10799,3.52
803,2019-11-01,1.10818,1.11758,1.1071,1.1164,3.39
804,2019-11-08,1.11649,1.11755,1.1015,1.10189,3.51
805,2019-11-15,1.10199,1.1057,1.0988,1.10512,3.61
806,2019-11-22,1.10515,1.1097,1.1013,1.1022,3.78
807,2019-11-29,1.10218,1.10323,1.098,1.10173,3.85
808,2019-12-06,1.10209,1.11162,1.1001,1.10564,3.72
809,2019-12-13,1.10573,1.11996,1.1052,1.11223,3.66
810,2019-12-20,1.1129,1.11747,1.1065,1.10768,3.67
811,2019-12-27,1.10781,1.11883,1.1068,1.11754,3.58
812,2020-01-03,1.11791,1.12393,1.1123,1.11598,3.72
813,2020-01-10,1.11596,1.12055,1.1084,1.112,3.85
814,2020-01-17,1.11168,1.11728,1.1084,1.1088,3.94
815,2020-01-24,1.10908,1.1118,1.1019,1.10251,4.21
816,2020-01-31,1.10303,1.10957,1.0991,1.10917,4.12
817,2020-02-07,1.10844,1.1091,1.094,1.0944,4.12
818,2020-02-14,1.09436,1.09575,1.0826,1.08301,3.97
819,2020-02-21,1.08382,1.08635,1.0777,1.08471,3.94
820,2020-02-28,1.08298,1.10531,1.0804,1.10289,4.04
821,2020-03-06,1.1046,1.1355,1.1035,1.1285,4.22
822,2020-03-13,1.13868,1.14961,1.1053,1.1105,4.32
823,2020-03-20,1.1157,1.12367,1.0636,1.06929,4.39
824,2020-03-27,1.06586,1.11473,1.0656,1.114,4.39
825,2020-04-03,1.11098,1.11444,1.0771,1.08124,4.57
826,2020-04-10,1.08175,1.09527,1.0767,1.09317,4.67
827,2020-04-17,1.09366,1.09908,1.081,1.08735,4.57
828,2020-04-24,1.08677,1.08969,1.0725,1.08242,4.61
829,2020-05-01,1.0817,1.1019,1.0808,1.09798,4.57
830,2020-05-08,1.09564,1.09625,1.0764,1.08379,4.42
831,2020-05-15,1.08346,1.08965,1.0773,1.08179,4.48
832,2020-05-22,1.08205,1.10085,1.0798,1.09,4.55
833,2020-05-29,1.09037,1.11452,1.0869,1.11069,4.62
834,2020-06-05,1.1111,1.1384,1.1099,1.12873,4.7
835,2020-06-12,1.13011,1.14225,1.1211,1.12601,4.79
836,2020-06-19,1.12467,1.13534,1.1166,1.1176,4.77
837,2020-06-26,1.11798,1.13486,1.1167,1.12176,4.88
838,2020-07-03,1.12242,1.13027,1.1184,1.12464,5.03
839,2020-07-10,1.12439,1.13706,1.1243,1.12961,5.1
840,2020-07-17,1.13155,1.1452,1.1299,1.14253,5.1
841,2020-07-24,1.14355,1.16581,1.1401,1.1656,5.09
842,2020-07-31,1.16526,1.19088,1.1641,1.1771,5.14
843,2020-08-07,1.17944,1.19162,1.1694,1.1787,5.2
844,2020-08-14,1.1776,1.18642,1.1709,1.18408,5.02
845,2020-08-21,1.18416,1.19656,1.1753,1.17958,4.9
846,2020-08-28,1.1801,1.19197,1.1761,1.19008,4.84
847,2020-09-04,1.19084,1.20114,1.1779,1.18389,4.74
848,2020-09-11,1.18406,1.19175,1.1751,1.18453,4.65
849,2020-09-18,1.1835,1.19005,1.1736,1.1839,4.65
850,2020-09-25,1.18411,1.18719,1.1611,1.163,4.67
851,2020-10-02,1.16265,1.17696,1.1613,1.1716,4.69
852,2020-10-09,1.17116,1.1831,1.17077,1.1826,4.74
853,2020-10-16,1.18137,1.18268,1.1687,1.17158,4.68
854,2020-10-23,1.17177,1.18807,1.1701,1.1859,4.63
855,2020-10-30,1.18554,1.18597,1.1638,1.16459,4.58
856,2020-11-06,1.16474,1.1891,1.1602,1.18716,4.54
857,2020-11-13,1.18881,1.192,1.1757,1.1835,4.53
858,2020-11-20,1.18394,1.1894,1.1812,1.18544,4.55
859,2020-11-27,1.18521,1.19641,1.1799,1.1962,4.7
860,2020-12-04,1.19608,1.21775,1.1922,1.21202,4.75
861,2020-12-11,1.213,1.21663,1.2073,1.21121,4.77
862,2020-12-18,1.21345,1.22728,1.2114,1.2255,4.86
863,2020-12-25,1.22196,1.22571,1.2128,1.21832,4.83
864,2021-01-01,1.21832,1.23101,1.21794,1.22138,4.77
865,2021-01-08,1.22386,1.23495,1.2193,1.2197,4.7
866,2021-01-15,1.2216,1.22284,1.2072,1.20749,4.66
867,2021-01-22,1.20823,1.21896,1.2052,1.21702,4.67
868,2021-01-29,1.21672,1.21833,1.2057,1.21362,4.6
869,2021-02-05,1.21285,1.21365,1.1951,1.2043,4.56
870,2021-02-12,1.20375,1.21495,1.2018,1.21177,4.48
871,2021-02-19,1.21239,1.21695,1.2021,1.21167,4.49
872,2021-02-26,1.21148,1.22432,1.206,1.20704,4.58
873,2021-03-05,1.20718,1.21133,1.1892,1.19079,4.61
874,2021-03-12,1.1917,1.199,1.1834,1.19516,4.64
875,2021-03-19,1.19489,1.19889,1.1872,1.1904,4.64
876,2021-03-26,1.18798,1.1947,1.176,1.17928,4.77
877,2021-04-02,1.1789,1.17939,1.1702,1.1761,4.78
878,2021-04-09,1.1754,1.19275,1.1736,1.19008,4.78
879,2021-04-16,1.18963,1.19948,1.1869,1.19823,4.62
880,2021-04-23,1.19752,1.21,1.1941,1.20965,4.6
881,2021-04-30,1.20941,1.215,1.2015,1.2019,4.71
882,2021-05-07,1.20257,1.21715,1.1984,1.21625,4.79
883,2021-05-14,1.21678,1.21817,1.205,1.21451,4.79
884,2021-05-21,1.21404,1.22454,1.2124,1.2178,4.76
885,2021-05-28,1.21761,1.22664,1.2131,1.2189,4.81
886,2021-06-04,1.21959,1.22544,1.2102,1.2164,4.9
887,2021-06-11,1.21624,1.2218,1.2091,1.2108,4.94
888,2021-06-18,1.21091,1.21473,1.1846,1.18592,4.96
889,2021-06-25,1.18632,1.19753,1.1846,1.1933,5.05
890,2021-07-02,1.19352,1.19445,1.1806,1.1862,5.07
891,2021-07-09,1.18666,1.18952,1.178,1.18746,5.1
892,2021-07-16,1.18754,1.18802,1.177,1.1805,5.18
893,2021-07-23,1.18073,1.18305,1.175,1.1768,5.22
894,2021-07-30,1.17715,1.19087,1.1761,1.18684,5.18
895,2021-08-06,1.18635,1.18997,1.1753,1.1761,5.05
896,2021-08-13,1.17589,1.18048,1.1704,1.17936,5.01
897,2021-08-20,1.17938,1.1801,1.1662,1.16949,5.08
898,2021-08-27,1.1695,1.18023,1.16912,1.17924,5.05
899,2021-09-03,1.17949,1.1909,1.1781,1.18832,5.11
900,2021-09-10,1.18774,1.18864,1.18,1.18115,5.14
901,2021-09-17,1.18134,1.1846,1.17211,1.1724,5.14
902,2021-09-24,1.17255,1.17557,1.1682,1.1718,5.07
903,2021-10-01,1.17165,1.17252,1.1561,1.1594,5.02
904,2021-10-08,1.15937,1.16402,1.1527,1.1567,4.98
905,2021-10-15,1.15693,1.16245,1.1523,1.16,4.89
906,2021-10-22,1.15987,1.16694,1.157,1.1647,4.8
907,2021-10-29,1.16368,1.16922,1.1533,1.1561,4.69
908,2021-11-05,1.15631,1.16164,1.1512,1.1566,4.71
909,2021-11-12,1.15573,1.16089,1.1431,1.14447,4.74
910,2021-11-19,1.14452,1.1464,1.1248,1.12794,4.61
911,2021-11-26,1.12901,1.13308,1.1185,1.13155,4.56
912,2021-12-03,1.13018,1.1383,1.1234,1.13131,4.59
913,2021-12-10,1.1302,1.13548,1.1225,1.1314,4.56
914,2021-12-17,1.1311,1.13605,1.122,1.1237,4.55
915,2021-12-24,1.12395,1.13435,1.1233,1.13181,4.46
916,2021-12-31,1.13156,1.13865,1.1272,1.13659,4.36
917,2022-01-07,1.13707,1.1379,1.1271,1.13593,4.41
918,2022-01-14,1.13524,1.1483,1.1283,1.14091,4.37
919,2022-01-21,1.14128,1.14345,1.1298,1.13403,4.37
920,2022-01-28,1.13409,1.1345,1.112,1.11456,4.45
921,2022-02-04,1.11415,1.14839,1.1137,1.1448,4.49
922,2022-02-11,1.14628,1.14949,1.1328,1.13457,4.52
923,2022-02-18,1.13369,1.13959,1.1278,1.13203,4.48
924,2022-02-25,1.13178,1.13907,1.1104,1.12657,4.45
925,2022-03-04,1.1125,1.12465,1.0884,1.09241,4.52
926,2022-03-11,1.09236,1.11212,1.0804,1.09099,4.6
927,2022-03-18,1.09172,1.11375,1.0899,1.105,4.61
928,2022-03-25,1.10504,1.10703,1.0959,1.0982,4.55
929,2022-04-01,1.09836,1.11849,1.0943,1.1047,4.46
930,2022-04-08,1.1038,1.10544,1.0835,1.0875,4.45
931,2022-04-15,1.09083,1.09333,1.0756,1.0805,4.37
932,2022-04-22,1.08069,1.09364,1.076,1.0794,4.3
933,2022-04-29,1.08058,1.08153,1.0469,1.0541,4.23
934,2022-05-06,1.05464,1.06418,1.0481,1.0551,4.19
935,2022-05-13,1.05404,1.05924,1.0348,1.0412,4.13
936,2022-05-20,1.03968,1.06073,1.0387,1.056,4.09
937,2022-05-27,1.05583,1.07652,1.05571,1.07317,4.2
938,2022-06-03,1.07326,1.0787,1.0625,1.0719,4.24
939,2022-06-10,1.07188,1.07738,1.0504,1.0515,4.36
940,2022-06-17,1.05142,1.06014,1.0357,1.0498,4.34
941,2022-06-24,1.0487,1.06059,1.0467,1.0554,4.25
942,2022-07-01,1.05525,1.0615,1.0365,1.0428,4.22
943,2022-07-08,1.04206,1.04628,1.0071,1.0183,4.16
944,2022-07-15,1.01791,1.01834,0.995,1.00843,4.09
945,2022-07-22,1.00829,1.02781,1.0077,1.021,3.97
946,2022-07-29,1.02174,1.02579,1.0095,1.02248,4.0
947,2022-08-05,1.02182,1.02939,1.0121,1.0181,4.1
948,2022-08-12,1.01783,1.03687,1.0157,1.0258,3.97
949,2022-08-19,1.02587,1.02683,1.003,1.0034,3.95
950,2022-08-26,1.00385,1.009,0.9899,0.9961,4.07
951,2022-09-02,0.99556,1.0079,0.991,0.995,4.11
952,2022-09-09,0.99207,1.01134,0.9862,1.0039,4.21
953,2022-09-16,1.00913,1.01979,0.9943,1.0015,4.22
954,2022-09-23,1.00141,1.0051,0.9664,0.969,4.24
955,2022-09-30,0.96739,0.98539,0.9532,0.98003,4.26
956,2022-10-07,0.97954,0.99997,0.9725,0.9741,4.37
957,2022-10-14,0.97382,0.98086,0.9629,0.9719,4.48
958,2022-10-21,0.97223,0.98755,0.9703,0.9861,4.55
959,2022-10-28,0.98832,1.00937,0.98047,0.9963,4.59
960,2022-11-04,0.99567,0.9976,0.9728,0.99581,4.51
961,2022-11-11,0.99055,1.03642,0.99013,1.03538,4.45
962,2022-11-18,1.03382,1.04818,1.0269,1.03235,4.37
963,2022-11-25,1.0323,1.04485,1.02206,1.0395,4.28
964,2022-12-02,1.03706,1.0545,1.0288,1.05325,4.16
965,2022-12-09,1.053,1.05948,1.0441,1.05329,4.06
966,2022-12-16,1.05281,1.07363,1.0504,1.05839,4.14
967,2022-12-23,1.0588,1.06594,1.0572,1.06172,4.19
968,2022-12-30,1.061,1.07131,1.05965,1.07025,4.19
969,2023-01-06,1.07031,1.07087,1.04816,1.06413,4.25
970,2023-01-13,1.06409,1.0868,1.0636,1.08302,4.28
971,2023-01-20,1.08333,1.08873,1.0765,1.08549,4.29
972,2023-01-27,1.08672,1.09294,1.0833,1.08649,4.21
973,2023-02-03,1.08644,1.10327,1.0791,1.07929,4.16
974,2023-02-10,1.07814,1.0799,1.0665,1.06754,4.19
975,2023-02-17,1.06807,1.08044,1.0611,1.06929,4.35
976,2023-02-24,1.06868,1.07046,1.0535,1.05437,4.2
977,2023-03-03,1.05451,1.06914,1.0531,1.06337,4.17
978,2023-03-10,1.06237,1.07007,1.0524,1.06387,4.22
979,2023-03-17,1.06938,1.076,1.0515,1.06639,4.12
980,2023-03-24,1.06832,1.093,1.0629,1.07588,4.05
981,2023-03-31,1.07645,1.09263,1.0743,1.08381,4.03
982,2023-04-07,1.08418,1.09733,1.0787,1.09014,4.08
983,2023-04-14,1.08995,1.10759,1.083,1.0991,4.2
984,2023-04-21,1.09926,1.09998,1.0908,1.0988,4.1
985,2023-04-28,1.09861,1.10954,1.0961,1.1014,4.04
986,2023-05-05,1.10178,1.10917,1.0941,1.10174,4.14
987,2023-05-12,1.10209,1.10537,1.08468,1.0847,4.21
988,2023-05-19,1.08528,1.09046,1.0759,1.08019,4.19
989,2023-05-26,1.08061,1.08313,1.07,1.0725,4.25
990,2023-06-02,1.0721,1.0779,1.0634,1.0706,4.23
991,2023-06-09,1.07059,1.07871,1.0666,1.0746,4.28
992,2023-06-16,1.07447,1.09707,1.07329,1.09401,4.41
993,2023-06-23,1.09385,1.10122,1.08443,1.0891,4.56
994,2023-06-30,1.08998,1.09768,1.0835,1.09074,4.46
995,2023-07-07,1.09076,1.09733,1.0833,1.0964,4.47
996,2023-07-14,1.09648,1.12449,1.0942,1.12264,4.49
997,2023-07-21,1.12281,1.12758,1.11076,1.11245,4.63
998,2023-07-28,1.11312,1.11497,1.09434,1.10147,4.69
