,date,1. open,2. high,3. low,4. close,5. volume
0,2023-04-14 12:00:00,1.1006,1.101,1.0974,1.0978,0.0
1,2023-04-14 11:00:00,1.103,1.103,1.0995,1.1006,0.0
2,2023-04-14 10:00:00,1.1034,1.1036,1.1018,1.103,0.0
3,2023-04-14 09:00:00,1.1054,1.1074,1.1017,1.1035,0.0
4,2023-04-14 08:00:00,1.1059,1.1059,1.1046,1.1053,0.0
5,2023-04-14 07:00:00,1.1062,1.1067,1.1054,1.1059,0.0
6,2023-04-14 06:00:00,1.1059,1.1064,1.1054,1.1061,0.0
7,2023-04-14 05:00:00,1.1065,1.1066,1.1052,1.1059,0.0
8,2023-04-14 04:00:00,1.1067,1.1072,1.1058,1.1065,0.0
9,2023-04-14 03:00:00,1.1074,1.1076,1.1061,1.1067,0.0
10,2023-04-14 02:00:00,1.1069,1.1075,1.106,1.1074,0.0
11,2023-04-14 01:00:00,1.107,1.1073,1.1066,1.1069,0.0
12,2023-04-14 00:00:00,1.107,1.1073,1.1065,1.107,0.0
13,2023-04-13 23:00:00,1.1062,1.1075,1.1062,1.107,0.0
14,2023-04-13 22:00:00,1.1054,1.1064,1.1052,1.1062,0.0
15,2023-04-13 21:00:00,1.1052,1.1059,1.1047,1.1053,0.0
16,2023-04-13 20:00:00,1.1048,1.1052,1.1047,1.105,0.0
17,2023-04-13 19:00:00,1.1046,1.1049,1.1045,1.1048,0.0
18,2023-04-13 18:00:00,1.1046,1.1047,1.1043,1.1045,0.0
19,2023-04-13 17:00:00,1.1046,1.1049,1.1044,1.1045,0.0
20,2023-04-13 16:00:00,1.1049,1.105,1.1043,1.1046,0.0
21,2023-04-13 15:00:00,1.1052,1.1053,1.1042,1.1048,0.0
22,2023-04-13 14:00:00,1.1056,1.106,1.1048,1.1051,0.0
23,2023-04-13 13:00:00,1.1053,1.1057,1.1046,1.1056,0.0
24,2023-04-13 12:00:00,1.1047,1.1062,1.1045,1.1052,0.0
25,2023-04-13 11:00:00,1.1064,1.1066,1.1043,1.1047,0.0
26,2023-04-13 10:00:00,1.1049,1.1068,1.1042,1.1064,0.0
27,2023-04-13 09:00:00,1.101,1.1054,1.1006,1.1049,0.0
28,2023-04-13 08:00:00,1.1014,1.1018,1.1007,1.101,0.0
29,2023-04-13 07:00:00,1.1023,1.1027,1.1012,1.1014,0.0
30,2023-04-13 06:00:00,1.1015,1.1032,1.1008,1.1023,0.0
31,2023-04-13 05:00:00,1.0999,1.1025,1.0997,1.1015,0.0
32,2023-04-13 04:00:00,1.0981,1.1001,1.0978,1.0998,0.0
33,2023-04-13 03:00:00,1.0984,1.0992,1.0975,1.098,0.0
34,2023-04-13 02:00:00,1.099,1.0991,1.0982,1.0984,0.0
35,2023-04-13 01:00:00,1.0988,1.0994,1.0987,1.099,0.0
36,2023-04-13 00:00:00,1.0991,1.0993,1.0982,1.0988,0.0
37,2023-04-12 23:00:00,1.0996,1.0998,1.0991,1.0993,0.0
38,2023-04-12 22:00:00,1.1002,1.1003,1.0993,1.0995,0.0
39,2023-04-12 21:00:00,1.0997,1.1005,1.0987,1.1002,0.0
40,2023-04-12 20:00:00,1.0995,1.0999,1.0992,1.0996,0.0
41,2023-04-12 19:00:00,1.0991,1.0995,1.0988,1.0995,0.0
42,2023-04-12 18:00:00,1.0991,1.0992,1.0987,1.0991,0.0
43,2023-04-12 17:00:00,1.0988,1.0992,1.0985,1.0991,0.0
44,2023-04-12 16:00:00,1.0995,1.0997,1.0985,1.0988,0.0
45,2023-04-12 15:00:00,1.0993,1.1,1.0988,1.0995,0.0
46,2023-04-12 14:00:00,1.0995,1.0999,1.0991,1.0994,0.0
47,2023-04-12 13:00:00,1.0986,1.0996,1.0984,1.0996,0.0
48,2023-04-12 12:00:00,1.0976,1.0988,1.0969,1.0987,0.0
49,2023-04-12 11:00:00,1.0974,1.1,1.0971,1.0976,0.0
50,2023-04-12 10:00:00,1.0964,1.0988,1.0957,1.0974,0.0
51,2023-04-12 09:00:00,1.0922,1.099,1.0918,1.0964,0.0
52,2023-04-12 08:00:00,1.0925,1.0931,1.092,1.0923,0.0
53,2023-04-12 07:00:00,1.0928,1.0936,1.0923,1.0924,0.0
54,2023-04-12 06:00:00,1.0924,1.0929,1.0919,1.0928,0.0
55,2023-04-12 05:00:00,1.0926,1.093,1.0917,1.0924,0.0
56,2023-04-12 04:00:00,1.0926,1.0934,1.0918,1.0927,0.0
57,2023-04-12 03:00:00,1.0935,1.0937,1.0914,1.0927,0.0
58,2023-04-12 02:00:00,1.0926,1.0936,1.0924,1.0935,0.0
59,2023-04-12 01:00:00,1.0924,1.0929,1.0921,1.0926,0.0
60,2023-04-12 00:00:00,1.0919,1.0925,1.0915,1.0924,0.0
61,2023-04-11 23:00:00,1.0925,1.0927,1.0915,1.0919,0.0
62,2023-04-11 22:00:00,1.0925,1.0929,1.092,1.0926,0.0
63,2023-04-11 21:00:00,1.0916,1.0928,1.0913,1.0925,0.0
64,2023-04-11 20:00:00,1.0917,1.0917,1.0913,1.0916,0.0
65,2023-04-11 19:00:00,1.0911,1.0918,1.0909,1.0917,0.0
66,2023-04-11 18:00:00,1.0913,1.0913,1.0909,1.091,0.0
67,2023-04-11 17:00:00,1.0914,1.0916,1.091,1.0912,0.0
68,2023-04-11 16:00:00,1.0908,1.0917,1.0906,1.0914,0.0
69,2023-04-11 15:00:00,1.091,1.0912,1.0903,1.0907,0.0
70,2023-04-11 14:00:00,1.0898,1.0911,1.0894,1.091,0.0
71,2023-04-11 13:00:00,1.0904,1.0907,1.0896,1.0897,0.0
72,2023-04-11 12:00:00,1.0911,1.0916,1.0902,1.0905,0.0
73,2023-04-11 11:00:00,1.0921,1.0928,1.091,1.0911,0.0
74,2023-04-11 10:00:00,1.0912,1.0924,1.0906,1.0921,0.0
75,2023-04-11 09:00:00,1.0905,1.0918,1.0901,1.0912,0.0
76,2023-04-11 08:00:00,1.0922,1.0924,1.0904,1.0905,0.0
77,2023-04-11 07:00:00,1.0913,1.0927,1.0907,1.0923,0.0
78,2023-04-11 06:00:00,1.0907,1.092,1.0905,1.0913,0.0
79,2023-04-11 05:00:00,1.0896,1.091,1.0893,1.0907,0.0
80,2023-04-11 04:00:00,1.0884,1.0904,1.0882,1.0894,0.0
81,2023-04-11 03:00:00,1.0894,1.0897,1.088,1.0884,0.0
82,2023-04-11 02:00:00,1.0882,1.0895,1.0881,1.0894,0.0
83,2023-04-11 01:00:00,1.0881,1.0886,1.088,1.0882,0.0
84,2023-04-11 00:00:00,1.0883,1.0888,1.0878,1.0882,0.0
85,2023-04-10 23:00:00,1.0878,1.0885,1.0876,1.0882,0.0
86,2023-04-10 22:00:00,1.0878,1.0879,1.0866,1.0878,0.0
87,2023-04-10 21:00:00,1.0867,1.0879,1.0867,1.0878,0.0
88,2023-04-10 20:00:00,1.0865,1.087,1.0863,1.0869,0.0
89,2023-04-10 19:00:00,1.0859,1.0866,1.0857,1.0865,0.0
90,2023-04-10 18:00:00,1.086,1.0863,1.0855,1.0859,0.0
91,2023-04-10 17:00:00,1.0863,1.0863,1.0858,1.0858,0.0
92,2023-04-10 16:00:00,1.0859,1.0863,1.0854,1.0863,0.0
93,2023-04-10 15:00:00,1.0855,1.0859,1.0852,1.0859,0.0
94,2023-04-10 14:00:00,1.0847,1.0857,1.0847,1.0855,0.0
95,2023-04-10 13:00:00,1.0839,1.0852,1.0837,1.0848,0.0
96,2023-04-10 12:00:00,1.0838,1.0848,1.0836,1.0839,0.0
97,2023-04-10 11:00:00,1.0838,1.0844,1.083,1.0838,0.0
98,2023-04-10 10:00:00,1.0849,1.0857,1.0837,1.0838,0.0
99,2023-04-10 09:00:00,1.0889,1.0892,1.0846,1.0849,0.0
100,2023-04-10 08:00:00,1.0905,1.0908,1.0885,1.0889,0.0
101,2023-04-10 07:00:00,1.0906,1.0911,1.0904,1.0906,0.0
102,2023-04-10 06:00:00,1.0912,1.0917,1.0903,1.0906,0.0
103,2023-04-10 05:00:00,1.0916,1.0917,1.0907,1.0912,0.0
104,2023-04-10 04:00:00,1.0905,1.0917,1.0903,1.0916,0.0
105,2023-04-10 03:00:00,1.0899,1.0905,1.0894,1.0905,0.0
106,2023-04-10 02:00:00,1.0896,1.09,1.089,1.0899,0.0
107,2023-04-10 01:00:00,1.0899,1.0901,1.0894,1.0896,0.0
108,2023-04-10 00:00:00,1.0898,1.0902,1.0895,1.0899,0.0
109,2023-04-09 23:00:00,1.09,1.0903,1.0897,1.0897,0.0
110,2023-04-09 22:00:00,1.0903,1.0907,1.0897,1.09,0.0
111,2023-04-09 21:00:00,1.0913,1.0915,1.0903,1.0903,0.0
112,2023-04-09 20:00:00,1.0909,1.0913,1.0906,1.0913,0.0
113,2023-04-09 19:00:00,1.0899,1.0911,1.0899,1.0909,0.0
114,2023-04-07 17:00:00,1.0904,1.0909,1.0894,1.0901,0.0
115,2023-04-07 16:00:00,1.0906,1.0908,1.0898,1.0904,0.0
116,2023-04-07 15:00:00,1.0908,1.091,1.0902,1.0907,0.0
117,2023-04-07 14:00:00,1.0909,1.091,1.0907,1.0908,0.0
118,2023-04-07 13:00:00,1.0911,1.0913,1.0908,1.091,0.0
119,2023-04-07 12:00:00,1.0915,1.0916,1.0905,1.0912,0.0
120,2023-04-07 11:00:00,1.0897,1.0915,1.0897,1.0915,0.0
121,2023-04-07 10:00:00,1.0903,1.0908,1.0892,1.0898,0.0
122,2023-04-07 09:00:00,1.0917,1.0918,1.0876,1.0903,0.0
123,2023-04-07 08:00:00,1.0921,1.0922,1.0912,1.0916,0.0
124,2023-04-07 07:00:00,1.0914,1.0922,1.0909,1.0921,0.0
125,2023-04-07 06:00:00,1.0915,1.0916,1.091,1.0913,0.0
126,2023-04-07 05:00:00,1.0915,1.0918,1.0911,1.0915,0.0
127,2023-04-07 04:00:00,1.0918,1.092,1.0912,1.0915,0.0
128,2023-04-07 03:00:00,1.0917,1.0919,1.091,1.0917,0.0
129,2023-04-07 02:00:00,1.0915,1.0919,1.0912,1.0917,0.0
130,2023-04-07 01:00:00,1.092,1.0921,1.0913,1.0915,0.0
131,2023-04-07 00:00:00,1.092,1.0921,1.0916,1.0919,0.0
132,2023-04-06 23:00:00,1.0916,1.0921,1.0915,1.0919,0.0
133,2023-04-06 22:00:00,1.0916,1.092,1.0913,1.0917,0.0
134,2023-04-06 21:00:00,1.0919,1.0924,1.0912,1.0916,0.0
135,2023-04-06 20:00:00,1.0916,1.0921,1.0915,1.0919,0.0
136,2023-04-06 19:00:00,1.0918,1.0919,1.0914,1.0916,0.0
137,2023-04-06 18:00:00,1.0919,1.0921,1.0916,1.0918,0.0
138,2023-04-06 17:00:00,1.0922,1.0923,1.0915,1.092,0.0
139,2023-04-06 16:00:00,1.0931,1.0931,1.092,1.0923,0.0
140,2023-04-06 15:00:00,1.0934,1.0935,1.0928,1.093,0.0
141,2023-04-06 14:00:00,1.0934,1.0936,1.0928,1.0934,0.0
142,2023-04-06 13:00:00,1.0926,1.0938,1.0925,1.0934,0.0
143,2023-04-06 12:00:00,1.0923,1.0928,1.0918,1.0925,0.0
144,2023-04-06 11:00:00,1.0897,1.0924,1.0891,1.0923,0.0
145,2023-04-06 10:00:00,1.0892,1.09,1.0884,1.0897,0.0
146,2023-04-06 09:00:00,1.0915,1.0919,1.0888,1.0891,0.0
147,2023-04-06 08:00:00,1.09,1.0917,1.0898,1.0914,0.0
148,2023-04-06 07:00:00,1.0909,1.0909,1.0896,1.09,0.0
149,2023-04-06 06:00:00,1.0899,1.091,1.0891,1.0909,0.0
150,2023-04-06 05:00:00,1.0906,1.091,1.0892,1.0898,0.0
151,2023-04-06 04:00:00,1.0902,1.0917,1.09,1.0907,0.0
152,2023-04-06 03:00:00,1.0894,1.0906,1.0892,1.0901,0.0
153,2023-04-06 02:00:00,1.0893,1.0896,1.0888,1.0894,0.0
154,2023-04-06 01:00:00,1.089,1.0896,1.0888,1.0891,0.0
155,2023-04-06 00:00:00,1.0886,1.0893,1.0884,1.0892,0.0
156,2023-04-05 23:00:00,1.0891,1.0893,1.0884,1.0887,0.0
157,2023-04-05 22:00:00,1.0894,1.0894,1.0883,1.0892,0.0
158,2023-04-05 21:00:00,1.0903,1.0905,1.0891,1.0893,0.0
159,2023-04-05 20:00:00,1.091,1.091,1.0902,1.0903,0.0
160,2023-04-05 19:00:00,1.0906,1.091,1.0904,1.091,0.0
161,2023-04-05 18:00:00,1.0904,1.0907,1.0899,1.0906,0.0
162,2023-04-05 17:00:00,1.0903,1.0907,1.0899,1.0903,0.0
163,2023-04-05 16:00:00,1.0909,1.091,1.09,1.0903,0.0
164,2023-04-05 15:00:00,1.0899,1.091,1.0898,1.0909,0.0
165,2023-04-05 14:00:00,1.0897,1.09,1.089,1.09,0.0
166,2023-04-05 13:00:00,1.0917,1.092,1.0895,1.0897,0.0
167,2023-04-05 12:00:00,1.091,1.0923,1.0905,1.0917,0.0
168,2023-04-05 11:00:00,1.094,1.0967,1.0902,1.091,0.0
169,2023-04-05 10:00:00,1.0958,1.096,1.0937,1.094,0.0
170,2023-04-05 09:00:00,1.0941,1.0963,1.0936,1.0958,0.0
171,2023-04-05 08:00:00,1.0946,1.0947,1.0933,1.0941,0.0
172,2023-04-05 07:00:00,1.0952,1.0954,1.094,1.0945,0.0
173,2023-04-05 06:00:00,1.0951,1.096,1.0942,1.0952,0.0
174,2023-04-05 05:00:00,1.095,1.0955,1.094,1.0951,0.0
175,2023-04-05 04:00:00,1.0948,1.0967,1.0946,1.095,0.0
176,2023-04-05 03:00:00,1.0958,1.0959,1.0945,1.0948,0.0
177,2023-04-05 02:00:00,1.0954,1.0959,1.095,1.0957,0.0
178,2023-04-05 01:00:00,1.0959,1.096,1.0952,1.0953,0.0
179,2023-04-05 00:00:00,1.0961,1.0963,1.0954,1.096,0.0
180,2023-04-04 23:00:00,1.0956,1.0964,1.0955,1.096,0.0
181,2023-04-04 22:00:00,1.096,1.0963,1.0955,1.0957,0.0
182,2023-04-04 21:00:00,1.0958,1.097,1.0955,1.096,0.0
183,2023-04-04 20:00:00,1.0957,1.0961,1.0955,1.0957,0.0
184,2023-04-04 19:00:00,1.0955,1.096,1.0952,1.0957,0.0
185,2023-04-04 18:00:00,1.0955,1.0956,1.0947,1.0954,0.0
186,2023-04-04 17:00:00,1.0957,1.0958,1.0951,1.0952,0.0
187,2023-04-04 16:00:00,1.0953,1.0958,1.0949,1.0957,0.0
188,2023-04-04 15:00:00,1.0948,1.0954,1.0943,1.0953,0.0
189,2023-04-04 14:00:00,1.0946,1.0951,1.0942,1.0948,0.0
190,2023-04-04 13:00:00,1.0951,1.0954,1.0942,1.0946,0.0
191,2023-04-04 12:00:00,1.097,1.097,1.0948,1.0951,0.0
192,2023-04-04 11:00:00,1.0904,1.0973,1.0903,1.097,0.0
193,2023-04-04 10:00:00,1.0891,1.0911,1.0887,1.0904,0.0
194,2023-04-04 09:00:00,1.0897,1.0909,1.0886,1.0891,0.0
195,2023-04-04 08:00:00,1.092,1.0921,1.0895,1.0897,0.0
196,2023-04-04 07:00:00,1.0931,1.0935,1.0915,1.092,0.0
197,2023-04-04 06:00:00,1.0917,1.0936,1.0915,1.0931,0.0
198,2023-04-04 05:00:00,1.0925,1.0926,1.0912,1.0917,0.0
199,2023-04-04 04:00:00,1.0907,1.0938,1.0901,1.0925,0.0
200,2023-04-04 03:00:00,1.0885,1.0908,1.0884,1.0907,0.0
201,2023-04-04 02:00:00,1.0894,1.0896,1.0881,1.0884,0.0
202,2023-04-04 01:00:00,1.0889,1.0899,1.0886,1.0893,0.0
203,2023-04-04 00:00:00,1.0891,1.0893,1.0887,1.0889,0.0
204,2023-04-03 23:00:00,1.0892,1.0896,1.0887,1.0891,0.0
205,2023-04-03 22:00:00,1.0901,1.0902,1.0889,1.0893,0.0
206,2023-04-03 21:00:00,1.0906,1.091,1.0898,1.0901,0.0
207,2023-04-03 20:00:00,1.0904,1.091,1.0903,1.0907,0.0
208,2023-04-03 19:00:00,1.0901,1.0906,1.09,1.0903,0.0
209,2023-04-03 18:00:00,1.0899,1.0905,1.0896,1.0901,0.0
210,2023-04-03 17:00:00,1.0906,1.0908,1.0898,1.0898,0.0
211,2023-04-03 16:00:00,1.0896,1.0907,1.0893,1.0906,0.0
212,2023-04-03 15:00:00,1.0885,1.0901,1.0884,1.0897,0.0
213,2023-04-03 14:00:00,1.0889,1.0889,1.0879,1.0887,0.0
214,2023-04-03 13:00:00,1.089,1.0894,1.0882,1.0888,0.0
215,2023-04-03 12:00:00,1.0887,1.0894,1.0877,1.0889,0.0
216,2023-04-03 11:00:00,1.0885,1.0917,1.0883,1.0887,0.0
217,2023-04-03 10:00:00,1.0865,1.0897,1.0863,1.0885,0.0
218,2023-04-03 09:00:00,1.0876,1.0877,1.0861,1.0865,0.0
219,2023-04-03 08:00:00,1.0871,1.0878,1.086,1.0877,0.0
220,2023-04-03 07:00:00,1.0851,1.0872,1.0848,1.0871,0.0
221,2023-04-03 06:00:00,1.0842,1.0854,1.0841,1.0851,0.0
222,2023-04-03 05:00:00,1.0839,1.085,1.0829,1.0843,0.0
223,2023-04-03 04:00:00,1.0815,1.0842,1.0811,1.0839,0.0
224,2023-04-03 03:00:00,1.0795,1.0816,1.079,1.0814,0.0
225,2023-04-03 02:00:00,1.0793,1.0796,1.0788,1.0795,0.0
226,2023-04-03 01:00:00,1.079,1.0796,1.0789,1.0793,0.0
227,2023-04-03 00:00:00,1.0793,1.0798,1.0787,1.079,0.0
228,2023-04-02 23:00:00,1.0808,1.0808,1.079,1.0794,0.0
229,2023-04-02 22:00:00,1.0814,1.0817,1.0802,1.0807,0.0
230,2023-04-02 21:00:00,1.0802,1.0815,1.0798,1.0814,0.0
231,2023-04-02 20:00:00,1.0819,1.0823,1.08,1.0802,0.0
232,2023-04-02 19:00:00,1.0842,1.0844,1.0804,1.0819,0.0
233,2023-03-31 17:00:00,1.0845,1.0846,1.0835,1.0838,0.0
234,2023-03-31 16:00:00,1.0855,1.0857,1.0841,1.0845,0.0
235,2023-03-31 15:00:00,1.0853,1.0862,1.085,1.0854,0.0
236,2023-03-31 14:00:00,1.0869,1.0871,1.0846,1.0853,0.0
237,2023-03-31 13:00:00,1.0872,1.0872,1.0857,1.0868,0.0
238,2023-03-31 12:00:00,1.0867,1.0876,1.0857,1.0872,0.0
239,2023-03-31 11:00:00,1.0891,1.0902,1.0856,1.0866,0.0
240,2023-03-31 10:00:00,1.0887,1.0894,1.0876,1.0891,0.0
241,2023-03-31 09:00:00,1.0867,1.0894,1.0866,1.0887,0.0
242,2023-03-31 08:00:00,1.0869,1.0879,1.0862,1.0866,0.0
243,2023-03-31 07:00:00,1.0883,1.0889,1.0866,1.0869,0.0
244,2023-03-31 06:00:00,1.089,1.0896,1.0874,1.0884,0.0
245,2023-03-31 05:00:00,1.0885,1.0892,1.0871,1.0889,0.0
246,2023-03-31 04:00:00,1.0904,1.0911,1.0878,1.0884,0.0
247,2023-03-31 03:00:00,1.0896,1.0905,1.0886,1.0903,0.0
248,2023-03-31 02:00:00,1.0903,1.0904,1.0893,1.0895,0.0
249,2023-03-31 01:00:00,1.0906,1.0909,1.0901,1.0902,0.0
250,2023-03-31 00:00:00,1.0907,1.0908,1.09,1.0907,0.0
251,2023-03-30 23:00:00,1.0908,1.0913,1.0902,1.0906,0.0
252,2023-03-30 22:00:00,1.0916,1.0926,1.0906,1.0908,0.0
253,2023-03-30 21:00:00,1.0904,1.0917,1.0902,1.0914,0.0
254,2023-03-30 20:00:00,1.0902,1.0906,1.09,1.0904,0.0
255,2023-03-30 19:00:00,1.0904,1.0905,1.09,1.0902,0.0
256,2023-03-30 18:00:00,1.0904,1.0906,1.0902,1.0905,0.0
257,2023-03-30 17:00:00,1.0907,1.0907,1.09,1.0905,0.0
258,2023-03-30 16:00:00,1.0905,1.0908,1.0901,1.0906,0.0
259,2023-03-30 15:00:00,1.09,1.0906,1.0894,1.0904,0.0
260,2023-03-30 14:00:00,1.0905,1.0905,1.089,1.09,0.0
261,2023-03-30 13:00:00,1.0897,1.0907,1.0895,1.0905,0.0
262,2023-03-30 12:00:00,1.0911,1.0913,1.0893,1.0898,0.0
263,2023-03-30 11:00:00,1.0917,1.0921,1.0906,1.0913,0.0
264,2023-03-30 10:00:00,1.091,1.0926,1.0905,1.0917,0.0
265,2023-03-30 09:00:00,1.0879,1.0911,1.0877,1.091,0.0
266,2023-03-30 08:00:00,1.0879,1.0881,1.087,1.0878,0.0
267,2023-03-30 07:00:00,1.086,1.0884,1.0858,1.0879,0.0
268,2023-03-30 06:00:00,1.0873,1.0876,1.0857,1.0859,0.0
269,2023-03-30 05:00:00,1.0855,1.0879,1.0849,1.0873,0.0
270,2023-03-30 04:00:00,1.0845,1.0858,1.0823,1.0855,0.0
271,2023-03-30 03:00:00,1.0841,1.085,1.0831,1.0846,0.0
272,2023-03-30 02:00:00,1.0839,1.0847,1.0835,1.0842,0.0
273,2023-03-30 01:00:00,1.0833,1.0841,1.083,1.0839,0.0
274,2023-03-30 00:00:00,1.083,1.0836,1.0824,1.0833,0.0
275,2023-03-29 23:00:00,1.0832,1.0835,1.0825,1.0829,0.0
276,2023-03-29 22:00:00,1.0838,1.0838,1.0827,1.0832,0.0
277,2023-03-29 21:00:00,1.0842,1.0843,1.0834,1.0836,0.0
278,2023-03-29 20:00:00,1.0844,1.0846,1.0838,1.0842,0.0
279,2023-03-29 19:00:00,1.084,1.0849,1.0838,1.0844,0.0
280,2023-03-29 18:00:00,1.0843,1.0844,1.0838,1.0839,0.0
281,2023-03-29 17:00:00,1.0839,1.0845,1.0836,1.0844,0.0
282,2023-03-29 16:00:00,1.0844,1.0847,1.0838,1.0838,0.0
283,2023-03-29 15:00:00,1.0846,1.0847,1.0835,1.0844,0.0
284,2023-03-29 14:00:00,1.0827,1.0848,1.0824,1.0846,0.0
285,2023-03-29 13:00:00,1.0825,1.0835,1.0822,1.0826,0.0
286,2023-03-29 12:00:00,1.0831,1.0844,1.0822,1.0825,0.0
287,2023-03-29 11:00:00,1.0846,1.0853,1.0824,1.0831,0.0
288,2023-03-29 10:00:00,1.0854,1.0858,1.0831,1.0846,0.0
289,2023-03-29 09:00:00,1.0855,1.086,1.0838,1.0854,0.0
290,2023-03-29 08:00:00,1.0857,1.0871,1.0851,1.0854,0.0
291,2023-03-29 07:00:00,1.086,1.0863,1.0849,1.0857,0.0
292,2023-03-29 06:00:00,1.0833,1.0863,1.083,1.086,0.0
293,2023-03-29 05:00:00,1.0837,1.084,1.0825,1.0833,0.0
294,2023-03-29 04:00:00,1.0823,1.0837,1.0817,1.0837,0.0
295,2023-03-29 03:00:00,1.0831,1.0834,1.0821,1.0823,0.0
296,2023-03-29 02:00:00,1.0837,1.0841,1.083,1.0832,0.0
297,2023-03-29 01:00:00,1.0835,1.0844,1.0832,1.0836,0.0
298,2023-03-29 00:00:00,1.0838,1.0839,1.0833,1.0837,0.0
299,2023-03-28 23:00:00,1.0845,1.0846,1.0835,1.0837,0.0
300,2023-03-28 22:00:00,1.0846,1.0849,1.0838,1.0845,0.0
301,2023-03-28 21:00:00,1.0839,1.0848,1.0838,1.0847,0.0
302,2023-03-28 20:00:00,1.0841,1.0842,1.0835,1.0839,0.0
303,2023-03-28 19:00:00,1.084,1.0845,1.0839,1.0841,0.0
304,2023-03-28 18:00:00,1.0844,1.0844,1.0838,1.084,0.0
305,2023-03-28 17:00:00,1.0847,1.0848,1.0842,1.0844,0.0
306,2023-03-28 16:00:00,1.0843,1.0849,1.084,1.0847,0.0
307,2023-03-28 15:00:00,1.0837,1.0844,1.0834,1.0843,0.0
308,2023-03-28 14:00:00,1.0842,1.0844,1.0835,1.0837,0.0
309,2023-03-28 13:00:00,1.0843,1.0844,1.083,1.0842,0.0
310,2023-03-28 12:00:00,1.0831,1.0846,1.0829,1.0842,0.0
311,2023-03-28 11:00:00,1.0824,1.0841,1.0815,1.0832,0.0
312,2023-03-28 10:00:00,1.0839,1.0839,1.0821,1.0824,0.0
313,2023-03-28 09:00:00,1.083,1.0847,1.0828,1.0839,0.0
314,2023-03-28 08:00:00,1.0822,1.0837,1.0818,1.0832,0.0
315,2023-03-28 07:00:00,1.0816,1.0829,1.0813,1.0823,0.0
316,2023-03-28 06:00:00,1.0812,1.0823,1.0809,1.0815,0.0
317,2023-03-28 05:00:00,1.082,1.0824,1.081,1.0812,0.0
318,2023-03-28 04:00:00,1.0808,1.0834,1.0808,1.082,0.0
319,2023-03-28 03:00:00,1.081,1.0819,1.0807,1.0808,0.0
320,2023-03-28 02:00:00,1.0812,1.0816,1.0804,1.081,0.0
321,2023-03-28 01:00:00,1.0814,1.0815,1.0808,1.0812,0.0
322,2023-03-28 00:00:00,1.0814,1.0818,1.081,1.0815,0.0
323,2023-03-27 23:00:00,1.0814,1.0818,1.0809,1.0814,0.0
324,2023-03-27 22:00:00,1.0816,1.0819,1.0809,1.0815,0.0
325,2023-03-27 21:00:00,1.0806,1.0818,1.0802,1.0816,0.0
326,2023-03-27 20:00:00,1.0799,1.0808,1.0798,1.0806,0.0
327,2023-03-27 19:00:00,1.0796,1.0801,1.0794,1.0799,0.0
328,2023-03-27 18:00:00,1.0796,1.0798,1.0793,1.0797,0.0
329,2023-03-27 17:00:00,1.0796,1.08,1.0795,1.0797,0.0
330,2023-03-27 16:00:00,1.0796,1.0799,1.079,1.0797,0.0
331,2023-03-27 15:00:00,1.0794,1.0796,1.0787,1.0795,0.0
332,2023-03-27 14:00:00,1.0791,1.0796,1.0784,1.0794,0.0
333,2023-03-27 13:00:00,1.0788,1.0795,1.0785,1.0791,0.0
334,2023-03-27 12:00:00,1.0781,1.079,1.0776,1.0788,0.0
335,2023-03-27 11:00:00,1.0784,1.0792,1.0774,1.0781,0.0
336,2023-03-27 10:00:00,1.0771,1.0795,1.0768,1.0783,0.0
337,2023-03-27 09:00:00,1.0772,1.078,1.0766,1.0771,0.0
338,2023-03-27 08:00:00,1.0768,1.0781,1.0765,1.0772,0.0
339,2023-03-27 07:00:00,1.0766,1.077,1.076,1.0768,0.0
340,2023-03-27 06:00:00,1.0766,1.0769,1.0755,1.0766,0.0
341,2023-03-27 05:00:00,1.0752,1.0773,1.0747,1.0767,0.0
342,2023-03-27 04:00:00,1.0763,1.0782,1.0743,1.0752,0.0
343,2023-03-27 03:00:00,1.0765,1.0767,1.0749,1.0761,0.0
344,2023-03-27 02:00:00,1.0767,1.0771,1.0761,1.0765,0.0
345,2023-03-27 01:00:00,1.0772,1.0772,1.0762,1.0767,0.0
346,2023-03-27 00:00:00,1.077,1.0775,1.0766,1.0772,0.0
347,2023-03-26 23:00:00,1.076,1.077,1.0759,1.077,0.0
348,2023-03-26 22:00:00,1.0761,1.0767,1.0755,1.0761,0.0
349,2023-03-26 21:00:00,1.0777,1.0778,1.0759,1.0761,0.0
350,2023-03-26 20:00:00,1.0777,1.0779,1.0769,1.0777,0.0
351,2023-03-26 19:00:00,1.0764,1.078,1.0763,1.0777,0.0
352,2023-03-24 17:00:00,1.0758,1.0763,1.0756,1.0757,0.0
353,2023-03-24 16:00:00,1.0761,1.0766,1.0756,1.0759,0.0
354,2023-03-24 15:00:00,1.0762,1.0763,1.0752,1.076,0.0
355,2023-03-24 14:00:00,1.0757,1.0768,1.0754,1.0761,0.0
356,2023-03-24 13:00:00,1.0761,1.0767,1.075,1.0757,0.0
357,2023-03-24 12:00:00,1.0749,1.0764,1.074,1.0761,0.0
358,2023-03-24 11:00:00,1.0757,1.0768,1.0747,1.075,0.0
359,2023-03-24 10:00:00,1.0749,1.0766,1.074,1.0757,0.0
360,2023-03-24 09:00:00,1.0738,1.0752,1.0721,1.0749,0.0
361,2023-03-24 08:00:00,1.0728,1.0748,1.0712,1.0738,0.0
362,2023-03-24 07:00:00,1.0725,1.0742,1.072,1.0728,0.0
363,2023-03-24 06:00:00,1.078,1.0791,1.072,1.0724,0.0
364,2023-03-24 05:00:00,1.0828,1.0831,1.0766,1.078,0.0
365,2023-03-24 04:00:00,1.0825,1.0835,1.0821,1.0828,0.0
366,2023-03-24 03:00:00,1.0833,1.0835,1.0823,1.0825,0.0
367,2023-03-24 02:00:00,1.0834,1.0837,1.0829,1.0834,0.0
368,2023-03-24 01:00:00,1.0827,1.0834,1.0821,1.0833,0.0
369,2023-03-24 00:00:00,1.082,1.0829,1.0815,1.0829,0.0
370,2023-03-23 23:00:00,1.0825,1.0828,1.0818,1.082,0.0
371,2023-03-23 22:00:00,1.0832,1.0835,1.0819,1.0825,0.0
372,2023-03-23 21:00:00,1.0835,1.0835,1.0823,1.0832,0.0
373,2023-03-23 20:00:00,1.0832,1.0836,1.083,1.0834,0.0
374,2023-03-23 19:00:00,1.0833,1.0838,1.0826,1.0832,0.0
375,2023-03-23 18:00:00,1.083,1.0835,1.0827,1.0832,0.0
376,2023-03-23 17:00:00,1.084,1.0841,1.0829,1.083,0.0
377,2023-03-23 16:00:00,1.0841,1.0853,1.0823,1.084,0.0
378,2023-03-23 15:00:00,1.0869,1.0877,1.0827,1.0842,0.0
379,2023-03-23 14:00:00,1.0895,1.0896,1.0862,1.0869,0.0
380,2023-03-23 13:00:00,1.089,1.0899,1.0882,1.0894,0.0
381,2023-03-23 12:00:00,1.0891,1.0908,1.0882,1.0889,0.0
382,2023-03-23 11:00:00,1.0887,1.0895,1.0879,1.0891,0.0
383,2023-03-23 10:00:00,1.0873,1.0893,1.0871,1.0887,0.0
384,2023-03-23 09:00:00,1.0876,1.0894,1.0868,1.0873,0.0
385,2023-03-23 08:00:00,1.0877,1.088,1.0867,1.0876,0.0
386,2023-03-23 07:00:00,1.0886,1.0886,1.0865,1.0876,0.0
387,2023-03-23 06:00:00,1.09,1.0904,1.0879,1.0884,0.0
388,2023-03-23 05:00:00,1.0906,1.091,1.089,1.0898,0.0
389,2023-03-23 04:00:00,1.0915,1.0927,1.0899,1.0906,0.0
390,2023-03-23 03:00:00,1.0905,1.093,1.0902,1.0914,0.0
391,2023-03-23 02:00:00,1.0903,1.0911,1.09,1.0905,0.0
392,2023-03-23 01:00:00,1.0901,1.0904,1.0893,1.0903,0.0
393,2023-03-23 00:00:00,1.0896,1.0906,1.0891,1.0901,0.0
394,2023-03-22 23:00:00,1.0886,1.0899,1.088,1.0896,0.0
395,2023-03-22 22:00:00,1.0883,1.0888,1.0877,1.0886,0.0
396,2023-03-22 21:00:00,1.0869,1.0883,1.0867,1.0883,0.0
397,2023-03-22 20:00:00,1.0857,1.0872,1.0856,1.0869,0.0
398,2023-03-22 19:00:00,1.0859,1.0864,1.0855,1.0857,0.0
399,2023-03-22 18:00:00,1.0855,1.0859,1.0853,1.0858,0.0
400,2023-03-22 17:00:00,1.0865,1.0865,1.0853,1.0855,0.0
401,2023-03-22 16:00:00,1.0881,1.0893,1.0851,1.0865,0.0
402,2023-03-22 15:00:00,1.0794,1.0913,1.0793,1.0879,0.0
403,2023-03-22 14:00:00,1.0799,1.08,1.0788,1.0794,0.0
404,2023-03-22 13:00:00,1.0791,1.08,1.0787,1.0799,0.0
405,2023-03-22 12:00:00,1.0795,1.0796,1.0782,1.0791,0.0
406,2023-03-22 11:00:00,1.0781,1.0798,1.0774,1.0795,0.0
407,2023-03-22 10:00:00,1.0782,1.0789,1.0774,1.0781,0.0
408,2023-03-22 09:00:00,1.0797,1.08,1.0777,1.0781,0.0
409,2023-03-22 08:00:00,1.0792,1.0798,1.0786,1.0797,0.0
410,2023-03-22 07:00:00,1.0786,1.0795,1.0778,1.0792,0.0
411,2023-03-22 06:00:00,1.078,1.0793,1.0774,1.0787,0.0
412,2023-03-22 05:00:00,1.0766,1.0783,1.0763,1.078,0.0
413,2023-03-22 04:00:00,1.0765,1.0772,1.0757,1.0765,0.0
414,2023-03-22 03:00:00,1.0772,1.0774,1.0762,1.0766,0.0
415,2023-03-22 02:00:00,1.0769,1.0775,1.0765,1.0772,0.0
416,2023-03-22 01:00:00,1.077,1.0772,1.0766,1.0769,0.0
417,2023-03-22 00:00:00,1.0768,1.0772,1.0764,1.077,0.0
418,2023-03-21 23:00:00,1.0771,1.0775,1.0763,1.0769,0.0
419,2023-03-21 22:00:00,1.0768,1.0777,1.0765,1.0773,0.0
420,2023-03-21 21:00:00,1.0773,1.0776,1.0764,1.0767,0.0
421,2023-03-21 20:00:00,1.077,1.0774,1.0767,1.0773,0.0
422,2023-03-21 19:00:00,1.0768,1.077,1.0766,1.077,0.0
423,2023-03-21 18:00:00,1.0766,1.077,1.0764,1.0768,0.0
424,2023-03-21 17:00:00,1.0769,1.0772,1.0764,1.0766,0.0
425,2023-03-21 16:00:00,1.0765,1.0775,1.0761,1.0769,0.0
426,2023-03-21 15:00:00,1.0764,1.0767,1.0755,1.0765,0.0
427,2023-03-21 14:00:00,1.0767,1.0772,1.0759,1.0764,0.0
428,2023-03-21 13:00:00,1.0768,1.0778,1.076,1.0767,0.0
429,2023-03-21 12:00:00,1.0774,1.0783,1.0764,1.0767,0.0
430,2023-03-21 11:00:00,1.0777,1.078,1.0759,1.0774,0.0
431,2023-03-21 10:00:00,1.0781,1.0789,1.0771,1.0776,0.0
432,2023-03-21 09:00:00,1.0777,1.0783,1.0772,1.0779,0.0
433,2023-03-21 08:00:00,1.0761,1.0785,1.076,1.0779,0.0
434,2023-03-21 07:00:00,1.0746,1.0765,1.0738,1.0763,0.0
435,2023-03-21 06:00:00,1.073,1.075,1.0723,1.0746,0.0
436,2023-03-21 05:00:00,1.0719,1.0739,1.0714,1.0729,0.0
437,2023-03-21 04:00:00,1.0707,1.0722,1.0704,1.0719,0.0
438,2023-03-21 03:00:00,1.0716,1.0718,1.0702,1.0707,0.0
439,2023-03-21 02:00:00,1.0712,1.0716,1.0709,1.0715,0.0
440,2023-03-21 01:00:00,1.0716,1.0716,1.0708,1.0712,0.0
441,2023-03-21 00:00:00,1.0722,1.0722,1.0712,1.0716,0.0
442,2023-03-20 23:00:00,1.0717,1.0722,1.0715,1.0721,0.0
443,2023-03-20 22:00:00,1.0717,1.0721,1.0713,1.0717,0.0
444,2023-03-20 21:00:00,1.0718,1.0726,1.0714,1.0717,0.0
445,2023-03-20 20:00:00,1.0722,1.0724,1.0714,1.0717,0.0
446,2023-03-20 19:00:00,1.0719,1.0724,1.0718,1.0722,0.0
447,2023-03-20 18:00:00,1.0717,1.0721,1.0717,1.0719,0.0
448,2023-03-20 17:00:00,1.0723,1.0724,1.0718,1.072,0.0
449,2023-03-20 16:00:00,1.0724,1.0726,1.0717,1.0723,0.0
450,2023-03-20 15:00:00,1.0715,1.0726,1.0712,1.0724,0.0
451,2023-03-20 14:00:00,1.0725,1.0728,1.0713,1.0716,0.0
452,2023-03-20 13:00:00,1.0721,1.0725,1.0705,1.0725,0.0
453,2023-03-20 12:00:00,1.0727,1.0727,1.071,1.072,0.0
454,2023-03-20 11:00:00,1.0723,1.073,1.0711,1.0727,0.0
455,2023-03-20 10:00:00,1.0705,1.0731,1.0701,1.0723,0.0
456,2023-03-20 09:00:00,1.0707,1.0718,1.07,1.0705,0.0
457,2023-03-20 08:00:00,1.0696,1.0709,1.0687,1.0707,0.0
458,2023-03-20 07:00:00,1.0673,1.0699,1.0668,1.0696,0.0
459,2023-03-20 06:00:00,1.0661,1.0678,1.0648,1.0674,0.0
460,2023-03-20 05:00:00,1.0655,1.0669,1.0629,1.066,0.0
461,2023-03-20 04:00:00,1.0661,1.0671,1.064,1.0655,0.0
462,2023-03-20 03:00:00,1.0679,1.0681,1.0657,1.0661,0.0
463,2023-03-20 02:00:00,1.067,1.0681,1.0666,1.0679,0.0
464,2023-03-20 01:00:00,1.0669,1.0674,1.0664,1.067,0.0
465,2023-03-20 00:00:00,1.0679,1.068,1.0663,1.0669,0.0
466,2023-03-19 23:00:00,1.0675,1.0685,1.0672,1.068,0.0
467,2023-03-19 22:00:00,1.0681,1.069,1.0667,1.0675,0.0
468,2023-03-19 21:00:00,1.068,1.0688,1.0677,1.0681,0.0
469,2023-03-19 20:00:00,1.067,1.0682,1.0666,1.0679,0.0
470,2023-03-19 19:00:00,1.0683,1.0689,1.0665,1.067,0.0
471,2023-03-17 17:00:00,1.0661,1.0667,1.0657,1.0666,0.0
472,2023-03-17 16:00:00,1.068,1.0683,1.0659,1.0661,0.0
473,2023-03-17 15:00:00,1.0673,1.0685,1.0665,1.0681,0.0
474,2023-03-17 14:00:00,1.0667,1.0675,1.0662,1.0673,0.0
475,2023-03-17 13:00:00,1.0646,1.0676,1.0641,1.0667,0.0
476,2023-03-17 12:00:00,1.0633,1.0648,1.0628,1.0646,0.0
477,2023-03-17 11:00:00,1.0626,1.0644,1.0623,1.0632,0.0
478,2023-03-17 10:00:00,1.0626,1.0634,1.0615,1.0626,0.0
479,2023-03-17 09:00:00,1.063,1.0634,1.061,1.0627,0.0
480,2023-03-17 08:00:00,1.0633,1.064,1.0614,1.063,0.0
481,2023-03-17 07:00:00,1.0646,1.0647,1.0624,1.0633,0.0
482,2023-03-17 06:00:00,1.0652,1.066,1.0638,1.0647,0.0
483,2023-03-17 05:00:00,1.0662,1.067,1.0649,1.0652,0.0
484,2023-03-17 04:00:00,1.0662,1.0669,1.0656,1.0662,0.0
485,2023-03-17 03:00:00,1.0649,1.0663,1.0643,1.0662,0.0
486,2023-03-17 02:00:00,1.0649,1.065,1.0642,1.0647,0.0
487,2023-03-17 01:00:00,1.0639,1.0649,1.0637,1.0649,0.0
488,2023-03-17 00:00:00,1.0634,1.0645,1.063,1.0639,0.0
489,2023-03-16 23:00:00,1.0626,1.0639,1.0624,1.0634,0.0
490,2023-03-16 22:00:00,1.0618,1.0632,1.0613,1.0626,0.0
491,2023-03-16 21:00:00,1.0613,1.062,1.061,1.0618,0.0
492,2023-03-16 20:00:00,1.061,1.0617,1.061,1.0613,0.0
493,2023-03-16 19:00:00,1.0612,1.0615,1.0608,1.0612,0.0
494,2023-03-16 18:00:00,1.061,1.0615,1.0603,1.0613,0.0
495,2023-03-16 17:00:00,1.0615,1.0617,1.0607,1.061,0.0
496,2023-03-16 16:00:00,1.0612,1.062,1.0609,1.0615,0.0
497,2023-03-16 15:00:00,1.0592,1.062,1.059,1.0612,0.0
498,2023-03-16 14:00:00,1.0618,1.0621,1.059,1.0592,0.0
499,2023-03-16 13:00:00,1.0621,1.0625,1.0606,1.0619,0.0
500,2023-03-16 12:00:00,1.06,1.0627,1.0585,1.0621,0.0
501,2023-03-16 11:00:00,1.0607,1.0608,1.0571,1.06,0.0
502,2023-03-16 10:00:00,1.0588,1.0621,1.0549,1.0607,0.0
503,2023-03-16 09:00:00,1.0613,1.062,1.0574,1.0588,0.0
504,2023-03-16 08:00:00,1.0616,1.0617,1.0603,1.0613,0.0
505,2023-03-16 07:00:00,1.0617,1.0621,1.0598,1.0616,0.0
506,2023-03-16 06:00:00,1.0612,1.062,1.0603,1.0617,0.0
507,2023-03-16 05:00:00,1.0625,1.0636,1.0611,1.0612,0.0
508,2023-03-16 04:00:00,1.0605,1.0628,1.0591,1.0625,0.0
509,2023-03-16 03:00:00,1.0607,1.0608,1.0598,1.0605,0.0
510,2023-03-16 02:00:00,1.0602,1.0615,1.0596,1.0607,0.0
511,2023-03-16 01:00:00,1.0599,1.0603,1.0596,1.0603,0.0
512,2023-03-16 00:00:00,1.0592,1.0599,1.0588,1.0598,0.0
513,2023-03-15 23:00:00,1.0593,1.0597,1.0586,1.0593,0.0
514,2023-03-15 22:00:00,1.0589,1.0599,1.0585,1.0593,0.0
515,2023-03-15 21:00:00,1.0581,1.0598,1.0571,1.0589,0.0
516,2023-03-15 20:00:00,1.0578,1.0589,1.0576,1.0581,0.0
517,2023-03-15 19:00:00,1.0578,1.0582,1.0573,1.0578,0.0
518,2023-03-15 18:00:00,1.0575,1.0578,1.0574,1.0577,0.0
519,2023-03-15 17:00:00,1.058,1.0583,1.0572,1.0577,0.0
520,2023-03-15 16:00:00,1.0586,1.0592,1.0573,1.058,0.0
521,2023-03-15 15:00:00,1.0556,1.059,1.0545,1.0585,0.0
522,2023-03-15 14:00:00,1.0542,1.0563,1.054,1.0556,0.0
523,2023-03-15 13:00:00,1.0534,1.055,1.0526,1.0542,0.0
524,2023-03-15 12:00:00,1.0547,1.055,1.0515,1.0534,0.0
525,2023-03-15 11:00:00,1.0545,1.0565,1.0528,1.0547,0.0
526,2023-03-15 10:00:00,1.0557,1.0559,1.052,1.0545,0.0
527,2023-03-15 09:00:00,1.0587,1.0595,1.0551,1.0557,0.0
528,2023-03-15 08:00:00,1.0627,1.063,1.0579,1.0587,0.0
529,2023-03-15 07:00:00,1.0678,1.0684,1.0618,1.0627,0.0
530,2023-03-15 06:00:00,1.0732,1.0733,1.0665,1.0678,0.0
531,2023-03-15 05:00:00,1.0737,1.0744,1.0725,1.0732,0.0
532,2023-03-15 04:00:00,1.0734,1.0745,1.0726,1.0737,0.0
533,2023-03-15 03:00:00,1.0738,1.0741,1.0729,1.0734,0.0
534,2023-03-15 02:00:00,1.0745,1.0746,1.0734,1.0738,0.0
535,2023-03-15 01:00:00,1.0751,1.0754,1.0741,1.0745,0.0
536,2023-03-15 00:00:00,1.0756,1.0757,1.0748,1.0751,0.0
537,2023-03-14 23:00:00,1.0738,1.076,1.0737,1.0756,0.0
538,2023-03-14 22:00:00,1.0734,1.0739,1.0729,1.0738,0.0
539,2023-03-14 21:00:00,1.0727,1.0737,1.0724,1.0734,0.0
540,2023-03-14 20:00:00,1.0732,1.0734,1.0724,1.0727,0.0
541,2023-03-14 19:00:00,1.0732,1.0736,1.0729,1.0732,0.0
542,2023-03-14 18:00:00,1.0732,1.0738,1.0728,1.0731,0.0
543,2023-03-14 17:00:00,1.0741,1.0742,1.0731,1.0733,0.0
544,2023-03-14 16:00:00,1.0741,1.0743,1.0732,1.0741,0.0
545,2023-03-14 15:00:00,1.0733,1.075,1.073,1.0741,0.0
546,2023-03-14 14:00:00,1.0717,1.0743,1.0715,1.0733,0.0
547,2023-03-14 13:00:00,1.0721,1.0726,1.0709,1.0717,0.0
548,2023-03-14 12:00:00,1.0718,1.0732,1.0712,1.0721,0.0
549,2023-03-14 11:00:00,1.0708,1.073,1.0703,1.0717,0.0
550,2023-03-14 10:00:00,1.0735,1.0743,1.0697,1.0708,0.0
551,2023-03-14 09:00:00,1.0722,1.0749,1.0699,1.0735,0.0
552,2023-03-14 08:00:00,1.072,1.0728,1.0711,1.0721,0.0
553,2023-03-14 07:00:00,1.0712,1.0721,1.0699,1.072,0.0
554,2023-03-14 06:00:00,1.0706,1.0713,1.069,1.0711,0.0
555,2023-03-14 05:00:00,1.069,1.0707,1.0681,1.0706,0.0
556,2023-03-14 04:00:00,1.0697,1.0702,1.0677,1.069,0.0
557,2023-03-14 03:00:00,1.0708,1.0716,1.0692,1.0697,0.0
558,2023-03-14 02:00:00,1.0702,1.0708,1.0695,1.0707,0.0
559,2023-03-14 01:00:00,1.0702,1.0707,1.0696,1.0703,0.0
560,2023-03-14 00:00:00,1.0701,1.0707,1.0698,1.0702,0.0
561,2023-03-13 23:00:00,1.0708,1.0713,1.0697,1.0701,0.0
562,2023-03-13 22:00:00,1.0719,1.0721,1.0703,1.0708,0.0
563,2023-03-13 21:00:00,1.0723,1.0724,1.071,1.0718,0.0
564,2023-03-13 20:00:00,1.0727,1.0729,1.072,1.0723,0.0
565,2023-03-13 19:00:00,1.0727,1.073,1.0724,1.0727,0.0
566,2023-03-13 18:00:00,1.073,1.0735,1.0725,1.0726,0.0
567,2023-03-13 17:00:00,1.0729,1.0733,1.0724,1.0731,0.0
568,2023-03-13 16:00:00,1.0734,1.0735,1.0719,1.073,0.0
569,2023-03-13 15:00:00,1.0738,1.0743,1.0728,1.0734,0.0
570,2023-03-13 14:00:00,1.0739,1.0749,1.0732,1.0738,0.0
571,2023-03-13 13:00:00,1.0733,1.0742,1.0721,1.074,0.0
572,2023-03-13 12:00:00,1.0723,1.0734,1.071,1.0733,0.0
573,2023-03-13 11:00:00,1.0699,1.0728,1.0695,1.0722,0.0
574,2023-03-13 10:00:00,1.0696,1.0721,1.0684,1.0699,0.0
575,2023-03-13 09:00:00,1.0664,1.0698,1.0649,1.0696,0.0
576,2023-03-13 08:00:00,1.0674,1.0677,1.0656,1.0664,0.0
577,2023-03-13 07:00:00,1.067,1.0681,1.0659,1.0674,0.0
578,2023-03-13 06:00:00,1.0707,1.0708,1.0662,1.0671,0.0
579,2023-03-13 05:00:00,1.0725,1.0729,1.0702,1.0708,0.0
580,2023-03-13 04:00:00,1.0721,1.0737,1.0714,1.0725,0.0
581,2023-03-13 03:00:00,1.072,1.073,1.0712,1.0721,0.0
582,2023-03-13 02:00:00,1.0718,1.0727,1.0715,1.072,0.0
583,2023-03-13 01:00:00,1.0717,1.0726,1.0715,1.0718,0.0
584,2023-03-13 00:00:00,1.0729,1.0737,1.0715,1.0717,0.0
585,2023-03-12 23:00:00,1.0668,1.0731,1.0666,1.073,0.0
586,2023-03-12 22:00:00,1.0681,1.0687,1.0662,1.0668,0.0
587,2023-03-12 21:00:00,1.0681,1.0698,1.0675,1.0681,0.0
588,2023-03-12 20:00:00,1.0692,1.0702,1.0676,1.068,0.0
589,2023-03-12 19:00:00,1.0694,1.0703,1.0676,1.0692,0.0
590,2023-03-10 17:00:00,1.0644,1.0648,1.0636,1.0637,0.0
591,2023-03-10 16:00:00,1.0643,1.0652,1.0636,1.0643,0.0
592,2023-03-10 15:00:00,1.0668,1.0673,1.0639,1.0643,0.0
593,2023-03-10 14:00:00,1.0658,1.0674,1.0655,1.0668,0.0
594,2023-03-10 13:00:00,1.0687,1.0687,1.0655,1.0659,0.0
595,2023-03-10 12:00:00,1.0666,1.0701,1.0666,1.0688,0.0
596,2023-03-10 11:00:00,1.0622,1.0674,1.0612,1.0667,0.0
597,2023-03-10 10:00:00,1.0594,1.0644,1.0581,1.0622,0.0
598,2023-03-10 09:00:00,1.059,1.0599,1.0579,1.0594,0.0
599,2023-03-10 08:00:00,1.0588,1.0602,1.0585,1.0589,0.0
600,2023-03-10 07:00:00,1.0581,1.0604,1.0578,1.0588,0.0
601,2023-03-10 06:00:00,1.0592,1.0599,1.058,1.0581,0.0
602,2023-03-10 05:00:00,1.0594,1.0599,1.0572,1.0591,0.0
603,2023-03-10 04:00:00,1.0583,1.0607,1.0582,1.0595,0.0
604,2023-03-10 03:00:00,1.0587,1.0591,1.0579,1.0583,0.0
605,2023-03-10 02:00:00,1.0594,1.0595,1.0584,1.0587,0.0
606,2023-03-10 01:00:00,1.0597,1.0598,1.0592,1.0594,0.0
607,2023-03-10 00:00:00,1.0589,1.0598,1.0584,1.0597,0.0
608,2023-03-09 23:00:00,1.0594,1.0596,1.0579,1.0589,0.0
609,2023-03-09 22:00:00,1.0598,1.0599,1.0587,1.0594,0.0
610,2023-03-09 21:00:00,1.0585,1.0599,1.0584,1.0599,0.0
611,2023-03-09 20:00:00,1.0581,1.0586,1.0577,1.0585,0.0
612,2023-03-09 19:00:00,1.0579,1.0585,1.0577,1.0581,0.0
613,2023-03-09 18:00:00,1.0579,1.0583,1.0575,1.0579,0.0
614,2023-03-09 17:00:00,1.0576,1.0583,1.0572,1.0579,0.0
615,2023-03-09 16:00:00,1.0589,1.0591,1.0575,1.0576,0.0
616,2023-03-09 15:00:00,1.0577,1.059,1.0571,1.0589,0.0
617,2023-03-09 14:00:00,1.0576,1.0579,1.0569,1.0577,0.0
618,2023-03-09 13:00:00,1.0569,1.0584,1.0562,1.0575,0.0
619,2023-03-09 12:00:00,1.0575,1.0586,1.0565,1.0568,0.0
620,2023-03-09 11:00:00,1.0574,1.0586,1.0566,1.0575,0.0
621,2023-03-09 10:00:00,1.0559,1.0578,1.0552,1.0574,0.0
622,2023-03-09 09:00:00,1.0571,1.0572,1.0552,1.0559,0.0
623,2023-03-09 08:00:00,1.0566,1.0581,1.0564,1.0571,0.0
624,2023-03-09 07:00:00,1.0558,1.0569,1.0552,1.0566,0.0
625,2023-03-09 06:00:00,1.0557,1.057,1.0549,1.0558,0.0
626,2023-03-09 05:00:00,1.0556,1.0563,1.0548,1.0557,0.0
627,2023-03-09 04:00:00,1.0553,1.056,1.0549,1.0556,0.0
628,2023-03-09 03:00:00,1.0552,1.0555,1.0548,1.0552,0.0
629,2023-03-09 02:00:00,1.0552,1.0555,1.055,1.0552,0.0
630,2023-03-09 01:00:00,1.0549,1.0554,1.0546,1.0552,0.0
631,2023-03-09 00:00:00,1.0545,1.0551,1.0543,1.0549,0.0
632,2023-03-08 23:00:00,1.054,1.0548,1.0539,1.0545,0.0
633,2023-03-08 22:00:00,1.0547,1.0549,1.0538,1.054,0.0
634,2023-03-08 21:00:00,1.0549,1.0553,1.0544,1.0547,0.0
635,2023-03-08 20:00:00,1.0543,1.055,1.0542,1.0549,0.0
636,2023-03-08 19:00:00,1.0543,1.0545,1.0539,1.0542,0.0
637,2023-03-08 18:00:00,1.0547,1.0548,1.0539,1.0543,0.0
638,2023-03-08 17:00:00,1.0546,1.055,1.0541,1.0547,0.0
639,2023-03-08 16:00:00,1.0542,1.0551,1.0541,1.0546,0.0
640,2023-03-08 15:00:00,1.0545,1.055,1.0539,1.0542,0.0
641,2023-03-08 14:00:00,1.0548,1.0552,1.0542,1.0545,0.0
642,2023-03-08 13:00:00,1.0552,1.0568,1.0546,1.0548,0.0
643,2023-03-08 12:00:00,1.0556,1.0574,1.0529,1.0552,0.0
644,2023-03-08 11:00:00,1.0541,1.0562,1.0539,1.0556,0.0
645,2023-03-08 10:00:00,1.0547,1.0549,1.0535,1.0541,0.0
646,2023-03-08 09:00:00,1.0538,1.0549,1.0535,1.0547,0.0
647,2023-03-08 08:00:00,1.0539,1.0545,1.0533,1.0538,0.0
648,2023-03-08 07:00:00,1.0535,1.0546,1.0533,1.0539,0.0
649,2023-03-08 06:00:00,1.0536,1.0549,1.0534,1.0535,0.0
650,2023-03-08 05:00:00,1.0543,1.0548,1.0534,1.0537,0.0
651,2023-03-08 04:00:00,1.054,1.0547,1.0533,1.0543,0.0
652,2023-03-08 03:00:00,1.0531,1.054,1.0529,1.054,0.0
653,2023-03-08 02:00:00,1.0535,1.0535,1.0524,1.0531,0.0
654,2023-03-08 01:00:00,1.0529,1.0536,1.0528,1.0535,0.0
655,2023-03-08 00:00:00,1.0532,1.0537,1.0526,1.0529,0.0
656,2023-03-07 23:00:00,1.0545,1.0547,1.0531,1.0532,0.0
657,2023-03-07 22:00:00,1.055,1.055,1.0542,1.0545,0.0
658,2023-03-07 21:00:00,1.0548,1.055,1.0541,1.055,0.0
659,2023-03-07 20:00:00,1.0551,1.0551,1.0546,1.0548,0.0
660,2023-03-07 19:00:00,1.0549,1.0553,1.0545,1.0549,0.0
661,2023-03-07 18:00:00,1.0551,1.0553,1.0545,1.0549,0.0
662,2023-03-07 17:00:00,1.0552,1.0557,1.0549,1.0551,0.0
663,2023-03-07 16:00:00,1.0556,1.056,1.0544,1.0552,0.0
664,2023-03-07 15:00:00,1.0567,1.0574,1.0551,1.0556,0.0
665,2023-03-07 14:00:00,1.0573,1.0588,1.0565,1.0567,0.0
666,2023-03-07 13:00:00,1.0586,1.0596,1.057,1.0573,0.0
667,2023-03-07 12:00:00,1.0648,1.0648,1.0574,1.0585,0.0
668,2023-03-07 11:00:00,1.0656,1.0661,1.064,1.0648,0.0
669,2023-03-07 10:00:00,1.0669,1.0672,1.0652,1.0657,0.0
670,2023-03-07 09:00:00,1.0656,1.0672,1.065,1.067,0.0
671,2023-03-07 08:00:00,1.0661,1.0669,1.0653,1.0656,0.0
672,2023-03-07 07:00:00,1.0657,1.0667,1.0653,1.0661,0.0
673,2023-03-07 06:00:00,1.0674,1.0674,1.0654,1.0657,0.0
674,2023-03-07 05:00:00,1.0685,1.0686,1.0668,1.0674,0.0
675,2023-03-07 04:00:00,1.0676,1.0694,1.0674,1.0686,0.0
676,2023-03-07 03:00:00,1.0685,1.0687,1.0676,1.0676,0.0
677,2023-03-07 02:00:00,1.069,1.0691,1.068,1.0685,0.0
678,2023-03-07 01:00:00,1.0691,1.0693,1.0687,1.069,0.0
679,2023-03-07 00:00:00,1.0688,1.0692,1.0683,1.0691,0.0
680,2023-03-06 23:00:00,1.0686,1.0693,1.0683,1.0688,0.0
681,2023-03-06 22:00:00,1.0679,1.0689,1.0675,1.0686,0.0
682,2023-03-06 21:00:00,1.0685,1.0686,1.0677,1.0679,0.0
683,2023-03-06 20:00:00,1.0682,1.0687,1.0676,1.0685,0.0
684,2023-03-06 19:00:00,1.0679,1.0682,1.0675,1.0682,0.0
685,2023-03-06 18:00:00,1.0677,1.0684,1.0674,1.0679,0.0
686,2023-03-06 17:00:00,1.0675,1.0678,1.067,1.0677,0.0
687,2023-03-06 16:00:00,1.0673,1.0677,1.0667,1.0675,0.0
688,2023-03-06 15:00:00,1.0685,1.0686,1.0671,1.0674,0.0
689,2023-03-06 14:00:00,1.0694,1.0694,1.0678,1.0685,0.0
690,2023-03-06 13:00:00,1.0678,1.0694,1.0675,1.0694,0.0
691,2023-03-06 12:00:00,1.0669,1.069,1.0661,1.0679,0.0
692,2023-03-06 11:00:00,1.0654,1.0674,1.0649,1.0669,0.0
693,2023-03-06 10:00:00,1.0642,1.0658,1.0639,1.0655,0.0
694,2023-03-06 09:00:00,1.0639,1.0643,1.0631,1.0642,0.0
695,2023-03-06 08:00:00,1.0628,1.0648,1.062,1.0639,0.0
696,2023-03-06 07:00:00,1.0629,1.0638,1.0625,1.0628,0.0
697,2023-03-06 06:00:00,1.0641,1.0647,1.0627,1.0629,0.0
698,2023-03-06 05:00:00,1.0648,1.0657,1.0641,1.0642,0.0
699,2023-03-06 04:00:00,1.0643,1.0657,1.0642,1.0648,0.0
700,2023-03-06 03:00:00,1.0648,1.0652,1.0637,1.0643,0.0
701,2023-03-06 02:00:00,1.0643,1.0649,1.0641,1.0648,0.0
702,2023-03-06 01:00:00,1.0646,1.0647,1.0641,1.0643,0.0
703,2023-03-06 00:00:00,1.0645,1.0649,1.0643,1.0646,0.0
704,2023-03-05 23:00:00,1.0636,1.065,1.0628,1.0645,0.0
705,2023-03-05 22:00:00,1.0627,1.0638,1.0624,1.0636,0.0
706,2023-03-05 21:00:00,1.0625,1.0636,1.0625,1.0627,0.0
707,2023-03-05 20:00:00,1.0626,1.0629,1.0622,1.0625,0.0
708,2023-03-05 19:00:00,1.0624,1.0628,1.0622,1.0626,0.0
709,2023-03-03 17:00:00,1.0635,1.0639,1.0629,1.0635,0.0
710,2023-03-03 16:00:00,1.0624,1.0636,1.0621,1.0633,0.0
711,2023-03-03 15:00:00,1.0624,1.0628,1.0618,1.0624,0.0
712,2023-03-03 14:00:00,1.0616,1.0626,1.061,1.0625,0.0
713,2023-03-03 13:00:00,1.0597,1.0617,1.0591,1.0616,0.0
714,2023-03-03 12:00:00,1.0613,1.0618,1.0587,1.0596,0.0
715,2023-03-03 11:00:00,1.0621,1.063,1.061,1.0614,0.0
716,2023-03-03 10:00:00,1.0612,1.063,1.0609,1.0622,0.0
717,2023-03-03 09:00:00,1.0614,1.0618,1.0601,1.0612,0.0
718,2023-03-03 08:00:00,1.0616,1.0618,1.0608,1.0614,0.0
719,2023-03-03 07:00:00,1.061,1.0623,1.0599,1.0616,0.0
720,2023-03-03 06:00:00,1.0621,1.0621,1.0606,1.061,0.0
721,2023-03-03 05:00:00,1.061,1.0629,1.0609,1.0621,0.0
722,2023-03-03 04:00:00,1.0621,1.0623,1.0608,1.0609,0.0
723,2023-03-03 03:00:00,1.0609,1.0623,1.0607,1.0621,0.0
724,2023-03-03 02:00:00,1.0608,1.0613,1.0606,1.0609,0.0
725,2023-03-03 01:00:00,1.0606,1.061,1.0604,1.0609,0.0
726,2023-03-03 00:00:00,1.0602,1.0608,1.06,1.0605,0.0
727,2023-03-02 23:00:00,1.0608,1.0615,1.06,1.0602,0.0
728,2023-03-02 22:00:00,1.061,1.0614,1.0603,1.0607,0.0
729,2023-03-02 21:00:00,1.0598,1.0612,1.0595,1.0611,0.0
730,2023-03-02 20:00:00,1.0598,1.0601,1.0594,1.0598,0.0
731,2023-03-02 19:00:00,1.0596,1.0599,1.0593,1.0598,0.0
732,2023-03-02 18:00:00,1.06,1.06,1.0594,1.0597,0.0
733,2023-03-02 17:00:00,1.059,1.0606,1.0584,1.06,0.0
734,2023-03-02 16:00:00,1.0593,1.0599,1.0587,1.059,0.0
735,2023-03-02 15:00:00,1.058,1.0594,1.0575,1.0593,0.0
736,2023-03-02 14:00:00,1.0594,1.0595,1.0575,1.0578,0.0
737,2023-03-02 13:00:00,1.0609,1.0613,1.0591,1.0594,0.0
738,2023-03-02 12:00:00,1.0599,1.0615,1.0592,1.0608,0.0
739,2023-03-02 11:00:00,1.0586,1.0607,1.0584,1.0599,0.0
740,2023-03-02 10:00:00,1.0606,1.061,1.058,1.0585,0.0
741,2023-03-02 09:00:00,1.0625,1.0631,1.0603,1.0606,0.0
742,2023-03-02 08:00:00,1.0614,1.0631,1.0612,1.0625,0.0
743,2023-03-02 07:00:00,1.0624,1.0632,1.0611,1.0614,0.0
744,2023-03-02 06:00:00,1.0638,1.0643,1.0617,1.0624,0.0
745,2023-03-02 05:00:00,1.0636,1.0639,1.0624,1.0638,0.0
746,2023-03-02 04:00:00,1.0639,1.0645,1.0631,1.0635,0.0
747,2023-03-02 03:00:00,1.0641,1.0643,1.0634,1.0639,0.0
748,2023-03-02 02:00:00,1.0647,1.0649,1.0635,1.0641,0.0
749,2023-03-02 01:00:00,1.0646,1.0651,1.0644,1.0648,0.0
750,2023-03-02 00:00:00,1.0656,1.0656,1.0643,1.0646,0.0
751,2023-03-01 23:00:00,1.0651,1.0657,1.0647,1.0656,0.0
752,2023-03-01 22:00:00,1.066,1.0662,1.0645,1.0651,0.0
753,2023-03-01 21:00:00,1.0668,1.0673,1.0657,1.066,0.0
754,2023-03-01 20:00:00,1.0668,1.0672,1.0664,1.0668,0.0
755,2023-03-01 19:00:00,1.0666,1.067,1.0664,1.0668,0.0
756,2023-03-01 18:00:00,1.0665,1.0671,1.0663,1.0666,0.0
757,2023-03-01 17:00:00,1.0657,1.0666,1.0654,1.0665,0.0
758,2023-03-01 16:00:00,1.065,1.0659,1.0645,1.0657,0.0
759,2023-03-01 15:00:00,1.0665,1.0665,1.0648,1.0652,0.0
760,2023-03-01 14:00:00,1.0673,1.0678,1.0662,1.0663,0.0
761,2023-03-01 13:00:00,1.0672,1.0678,1.0657,1.0671,0.0
762,2023-03-01 12:00:00,1.0666,1.0678,1.0642,1.0672,0.0
763,2023-03-01 11:00:00,1.0671,1.068,1.0663,1.0666,0.0
764,2023-03-01 10:00:00,1.0687,1.0691,1.0667,1.0671,0.0
765,2023-03-01 09:00:00,1.067,1.0687,1.0662,1.0686,0.0
766,2023-03-01 08:00:00,1.0668,1.0674,1.0653,1.067,0.0
767,2023-03-01 07:00:00,1.0642,1.0669,1.0638,1.0668,0.0
768,2023-03-01 06:00:00,1.0648,1.0657,1.0636,1.0642,0.0
769,2023-03-01 05:00:00,1.0641,1.0649,1.0624,1.0648,0.0
770,2023-03-01 04:00:00,1.0607,1.0645,1.0603,1.0641,0.0
771,2023-03-01 03:00:00,1.0591,1.0615,1.0588,1.0606,0.0
772,2023-03-01 02:00:00,1.0589,1.0595,1.0588,1.0591,0.0
773,2023-03-01 01:00:00,1.0593,1.0594,1.0586,1.0589,0.0
774,2023-03-01 00:00:00,1.0583,1.0595,1.058,1.0593,0.0
775,2023-02-28 23:00:00,1.0584,1.0586,1.0579,1.0583,0.0
776,2023-02-28 22:00:00,1.0568,1.0585,1.0565,1.0583,0.0
777,2023-02-28 21:00:00,1.0577,1.0577,1.0564,1.0568,0.0
778,2023-02-28 20:00:00,1.0579,1.058,1.0574,1.0577,0.0
779,2023-02-28 19:00:00,1.0574,1.0579,1.0573,1.0578,0.0
780,2023-02-28 18:00:00,1.0576,1.0579,1.0572,1.0575,0.0
781,2023-02-28 17:00:00,1.0584,1.0584,1.0574,1.0577,0.0
782,2023-02-28 16:00:00,1.0591,1.0596,1.0581,1.0584,0.0
783,2023-02-28 15:00:00,1.0605,1.0607,1.0586,1.0591,0.0
784,2023-02-28 14:00:00,1.06,1.061,1.0593,1.0604,0.0
785,2023-02-28 13:00:00,1.0605,1.0617,1.0598,1.0599,0.0
786,2023-02-28 12:00:00,1.0634,1.0645,1.06,1.0605,0.0
787,2023-02-28 11:00:00,1.0631,1.0641,1.0612,1.0634,0.0
788,2023-02-28 10:00:00,1.0617,1.0632,1.0612,1.0631,0.0
789,2023-02-28 09:00:00,1.0608,1.0619,1.0604,1.0617,0.0
790,2023-02-28 08:00:00,1.0615,1.0619,1.0605,1.0609,0.0
791,2023-02-28 07:00:00,1.0606,1.0617,1.0604,1.0616,0.0
792,2023-02-28 06:00:00,1.0616,1.0626,1.0602,1.0606,0.0
793,2023-02-28 05:00:00,1.0592,1.062,1.0592,1.0616,0.0
794,2023-02-28 04:00:00,1.0587,1.0597,1.058,1.0593,0.0
795,2023-02-28 03:00:00,1.0584,1.0593,1.058,1.0586,0.0
796,2023-02-28 02:00:00,1.059,1.0591,1.058,1.0585,0.0
797,2023-02-28 01:00:00,1.0592,1.0593,1.0585,1.0589,0.0
798,2023-02-28 00:00:00,1.0595,1.0596,1.0589,1.0591,0.0
799,2023-02-27 23:00:00,1.0587,1.0599,1.0584,1.0595,0.0
800,2023-02-27 22:00:00,1.0609,1.061,1.0584,1.0586,0.0
801,2023-02-27 21:00:00,1.0609,1.0615,1.0605,1.061,0.0
802,2023-02-27 20:00:00,1.0604,1.061,1.0603,1.0609,0.0
803,2023-02-27 19:00:00,1.0609,1.061,1.0601,1.0606,0.0
804,2023-02-27 18:00:00,1.0608,1.061,1.0605,1.0608,0.0
805,2023-02-27 17:00:00,1.0607,1.061,1.0603,1.0608,0.0
806,2023-02-27 16:00:00,1.0607,1.0613,1.0604,1.0606,0.0
807,2023-02-27 15:00:00,1.0601,1.0608,1.0597,1.0607,0.0
808,2023-02-27 14:00:00,1.0595,1.0602,1.0585,1.06,0.0
809,2023-02-27 13:00:00,1.0601,1.0604,1.0578,1.0594,0.0
810,2023-02-27 12:00:00,1.059,1.062,1.0585,1.0601,0.0
811,2023-02-27 11:00:00,1.0581,1.0594,1.0574,1.059,0.0
812,2023-02-27 10:00:00,1.0558,1.0583,1.0549,1.0581,0.0
813,2023-02-27 09:00:00,1.0562,1.0566,1.0553,1.0558,0.0
814,2023-02-27 08:00:00,1.0568,1.0569,1.0557,1.0562,0.0
815,2023-02-27 07:00:00,1.0551,1.0568,1.0547,1.0567,0.0
816,2023-02-27 06:00:00,1.0551,1.0559,1.0547,1.0551,0.0
817,2023-02-27 05:00:00,1.0548,1.0561,1.0545,1.0552,0.0
818,2023-02-27 04:00:00,1.0537,1.0553,1.0534,1.0548,0.0
819,2023-02-27 03:00:00,1.0539,1.0548,1.0531,1.0537,0.0
820,2023-02-27 02:00:00,1.0549,1.0551,1.0537,1.0539,0.0
821,2023-02-27 01:00:00,1.0544,1.0549,1.0542,1.0549,0.0
822,2023-02-27 00:00:00,1.0553,1.0555,1.0538,1.0544,0.0
823,2023-02-26 23:00:00,1.0559,1.056,1.0551,1.0553,0.0
824,2023-02-26 22:00:00,1.0554,1.0559,1.0551,1.0559,0.0
825,2023-02-26 21:00:00,1.0553,1.0556,1.0544,1.0554,0.0
826,2023-02-26 20:00:00,1.0544,1.0555,1.0544,1.0553,0.0
827,2023-02-26 19:00:00,1.0545,1.0549,1.0543,1.0545,0.0
828,2023-02-24 17:00:00,1.0551,1.0555,1.0545,1.0547,0.0
829,2023-02-24 16:00:00,1.0545,1.0554,1.0543,1.0551,0.0
830,2023-02-24 15:00:00,1.0547,1.0555,1.0543,1.0545,0.0
831,2023-02-24 14:00:00,1.0542,1.0559,1.0542,1.0547,0.0
832,2023-02-24 13:00:00,1.0542,1.056,1.0539,1.0544,0.0
833,2023-02-24 12:00:00,1.0547,1.056,1.0539,1.0542,0.0
834,2023-02-24 11:00:00,1.0554,1.0561,1.0535,1.0547,0.0
835,2023-02-24 10:00:00,1.0566,1.0576,1.0543,1.0554,0.0
836,2023-02-24 09:00:00,1.0579,1.058,1.0563,1.0566,0.0
837,2023-02-24 08:00:00,1.0585,1.059,1.0572,1.0578,0.0
838,2023-02-24 07:00:00,1.0586,1.0596,1.0581,1.0586,0.0
839,2023-02-24 06:00:00,1.0589,1.0593,1.0583,1.0586,0.0
840,2023-02-24 05:00:00,1.0589,1.0596,1.0579,1.0589,0.0
841,2023-02-24 04:00:00,1.0599,1.0599,1.0588,1.0589,0.0
842,2023-02-24 03:00:00,1.0596,1.0602,1.0595,1.0598,0.0
843,2023-02-24 02:00:00,1.06,1.0602,1.0596,1.0597,0.0
844,2023-02-24 01:00:00,1.06,1.0601,1.0595,1.06,0.0
845,2023-02-24 00:00:00,1.0597,1.0605,1.0596,1.06,0.0
846,2023-02-23 23:00:00,1.0601,1.0606,1.0593,1.0596,0.0
847,2023-02-23 22:00:00,1.0605,1.0614,1.0592,1.0601,0.0
848,2023-02-23 21:00:00,1.0597,1.0607,1.0594,1.0606,0.0
849,2023-02-23 20:00:00,1.0594,1.0601,1.0594,1.0597,0.0
850,2023-02-23 19:00:00,1.0593,1.0597,1.059,1.0595,0.0
851,2023-02-23 18:00:00,1.0603,1.0603,1.0592,1.0596,0.0
852,2023-02-23 17:00:00,1.0595,1.0603,1.0594,1.0603,0.0
853,2023-02-23 16:00:00,1.0588,1.0603,1.0586,1.0595,0.0
854,2023-02-23 15:00:00,1.0585,1.0593,1.058,1.0588,0.0
855,2023-02-23 14:00:00,1.0582,1.0586,1.0576,1.0585,0.0
856,2023-02-23 13:00:00,1.0597,1.0598,1.0577,1.0582,0.0
857,2023-02-23 12:00:00,1.0606,1.0608,1.0587,1.0597,0.0
858,2023-02-23 11:00:00,1.0607,1.0616,1.0593,1.0607,0.0
859,2023-02-23 10:00:00,1.0614,1.0621,1.0594,1.0607,0.0
860,2023-02-23 09:00:00,1.0604,1.0619,1.06,1.0614,0.0
861,2023-02-23 08:00:00,1.0598,1.0604,1.0584,1.0604,0.0
862,2023-02-23 07:00:00,1.0591,1.0601,1.0586,1.0598,0.0
863,2023-02-23 06:00:00,1.0606,1.0606,1.0585,1.0591,0.0
864,2023-02-23 05:00:00,1.0616,1.0618,1.0601,1.0606,0.0
865,2023-02-23 04:00:00,1.0622,1.0624,1.0609,1.0616,0.0
866,2023-02-23 03:00:00,1.0622,1.0628,1.0618,1.0621,0.0
867,2023-02-23 02:00:00,1.0624,1.0624,1.0614,1.0621,0.0
868,2023-02-23 01:00:00,1.0622,1.0624,1.0617,1.0624,0.0
869,2023-02-23 00:00:00,1.0623,1.0625,1.062,1.0622,0.0
870,2023-02-22 23:00:00,1.0619,1.0625,1.0613,1.0622,0.0
871,2023-02-22 22:00:00,1.0611,1.0622,1.0609,1.0618,0.0
872,2023-02-22 21:00:00,1.0605,1.0612,1.0604,1.0612,0.0
873,2023-02-22 20:00:00,1.0605,1.061,1.0602,1.0605,0.0
874,2023-02-22 19:00:00,1.0603,1.0607,1.0601,1.0605,0.0
875,2023-02-22 18:00:00,1.0602,1.0605,1.06,1.0603,0.0
876,2023-02-22 17:00:00,1.0601,1.0607,1.0598,1.0603,0.0
877,2023-02-22 16:00:00,1.0624,1.0634,1.0599,1.0601,0.0
878,2023-02-22 15:00:00,1.0628,1.0636,1.0621,1.0624,0.0
879,2023-02-22 14:00:00,1.0623,1.0634,1.0617,1.0628,0.0
880,2023-02-22 13:00:00,1.0627,1.0634,1.0616,1.0622,0.0
881,2023-02-22 12:00:00,1.065,1.0657,1.0623,1.0627,0.0
882,2023-02-22 11:00:00,1.0646,1.066,1.064,1.065,0.0
883,2023-02-22 10:00:00,1.0648,1.065,1.0635,1.0646,0.0
884,2023-02-22 09:00:00,1.063,1.0648,1.0624,1.0646,0.0
885,2023-02-22 08:00:00,1.0625,1.0636,1.0623,1.063,0.0
886,2023-02-22 07:00:00,1.0637,1.0642,1.0624,1.0625,0.0
887,2023-02-22 06:00:00,1.0645,1.0651,1.0634,1.0637,0.0
888,2023-02-22 05:00:00,1.0652,1.0658,1.0642,1.0645,0.0
889,2023-02-22 04:00:00,1.0656,1.0663,1.0651,1.0654,0.0
890,2023-02-22 03:00:00,1.0656,1.066,1.0654,1.0657,0.0
891,2023-02-22 02:00:00,1.0659,1.0659,1.065,1.0657,0.0
892,2023-02-22 01:00:00,1.0659,1.066,1.0655,1.0658,0.0
893,2023-02-22 00:00:00,1.0656,1.0662,1.0654,1.066,0.0
894,2023-02-21 23:00:00,1.0657,1.066,1.0652,1.0656,0.0
895,2023-02-21 22:00:00,1.0658,1.0664,1.0653,1.0656,0.0
896,2023-02-21 21:00:00,1.0651,1.0658,1.0647,1.0657,0.0
897,2023-02-21 20:00:00,1.0648,1.0653,1.0646,1.065,0.0
898,2023-02-21 19:00:00,1.0646,1.065,1.0642,1.0646,0.0
899,2023-02-21 18:00:00,1.0646,1.0649,1.0642,1.0646,0.0
900,2023-02-21 17:00:00,1.0648,1.0652,1.0644,1.0645,0.0
901,2023-02-21 16:00:00,1.0643,1.0652,1.0638,1.0648,0.0
902,2023-02-21 15:00:00,1.066,1.0661,1.0636,1.0643,0.0
903,2023-02-21 14:00:00,1.0656,1.0663,1.0651,1.066,0.0
904,2023-02-21 13:00:00,1.0685,1.0686,1.0655,1.0656,0.0
905,2023-02-21 12:00:00,1.0649,1.0698,1.0646,1.0685,0.0
906,2023-02-21 11:00:00,1.0653,1.0673,1.0643,1.0648,0.0
907,2023-02-21 10:00:00,1.066,1.0669,1.065,1.0653,0.0
908,2023-02-21 09:00:00,1.0657,1.0665,1.0646,1.066,0.0
909,2023-02-21 08:00:00,1.0649,1.0661,1.0645,1.0657,0.0
910,2023-02-21 07:00:00,1.0663,1.0668,1.0644,1.0647,0.0
911,2023-02-21 06:00:00,1.066,1.0675,1.0642,1.0663,0.0
912,2023-02-21 05:00:00,1.067,1.0688,1.0658,1.066,0.0
913,2023-02-21 04:00:00,1.0671,1.0672,1.0659,1.067,0.0
914,2023-02-21 03:00:00,1.0674,1.0674,1.0666,1.0671,0.0
915,2023-02-21 02:00:00,1.0668,1.0674,1.0665,1.0674,0.0
916,2023-02-21 01:00:00,1.0666,1.067,1.0662,1.0668,0.0
917,2023-02-21 00:00:00,1.0663,1.0667,1.0661,1.0666,0.0
918,2023-02-20 23:00:00,1.0673,1.0675,1.0662,1.0662,0.0
919,2023-02-20 22:00:00,1.0677,1.0678,1.0666,1.0674,0.0
920,2023-02-20 21:00:00,1.0682,1.0685,1.0676,1.0676,0.0
921,2023-02-20 20:00:00,1.0685,1.0688,1.0681,1.0681,0.0
922,2023-02-20 19:00:00,1.0685,1.0688,1.0681,1.0684,0.0
923,2023-02-20 18:00:00,1.0684,1.0686,1.0681,1.0684,0.0
924,2023-02-20 17:00:00,1.0687,1.0687,1.0683,1.0684,0.0
925,2023-02-20 16:00:00,1.0682,1.0687,1.0682,1.0687,0.0
926,2023-02-20 15:00:00,1.0685,1.0687,1.0682,1.0683,0.0
927,2023-02-20 14:00:00,1.0688,1.0691,1.0683,1.0685,0.0
928,2023-02-20 13:00:00,1.0686,1.0689,1.0682,1.0688,0.0
929,2023-02-20 12:00:00,1.0689,1.0694,1.0682,1.0686,0.0
930,2023-02-20 11:00:00,1.068,1.0691,1.0677,1.0688,0.0
931,2023-02-20 10:00:00,1.0671,1.0686,1.0669,1.068,0.0
932,2023-02-20 09:00:00,1.0685,1.0686,1.0669,1.0671,0.0
933,2023-02-20 08:00:00,1.0688,1.0692,1.0682,1.0685,0.0
934,2023-02-20 07:00:00,1.0679,1.0689,1.0677,1.0688,0.0
935,2023-02-20 06:00:00,1.0692,1.0699,1.0678,1.0679,0.0
936,2023-02-20 05:00:00,1.0701,1.0705,1.0684,1.0691,0.0
937,2023-02-20 04:00:00,1.069,1.0704,1.0686,1.0701,0.0
938,2023-02-20 03:00:00,1.0691,1.0694,1.0686,1.069,0.0
939,2023-02-20 02:00:00,1.0687,1.0693,1.0682,1.0691,0.0
940,2023-02-20 01:00:00,1.0682,1.0691,1.068,1.0686,0.0
941,2023-02-20 00:00:00,1.0684,1.0684,1.0678,1.0682,0.0
942,2023-02-19 23:00:00,1.0675,1.0687,1.0674,1.0684,0.0
943,2023-02-19 22:00:00,1.0678,1.0681,1.0672,1.0676,0.0
944,2023-02-19 21:00:00,1.0684,1.0685,1.0672,1.0679,0.0
945,2023-02-19 20:00:00,1.069,1.0693,1.0681,1.0684,0.0
946,2023-02-19 19:00:00,1.0687,1.0693,1.0684,1.069,0.0
947,2023-02-17 17:00:00,1.0695,1.0698,1.0692,1.0694,0.0
948,2023-02-17 16:00:00,1.0685,1.0697,1.0684,1.0696,0.0
949,2023-02-17 15:00:00,1.0678,1.0691,1.0676,1.0684,0.0
950,2023-02-17 14:00:00,1.0676,1.0694,1.0675,1.0678,0.0
951,2023-02-17 13:00:00,1.0662,1.068,1.0655,1.0677,0.0
952,2023-02-17 12:00:00,1.064,1.0682,1.0639,1.0662,0.0
953,2023-02-17 11:00:00,1.0641,1.0655,1.0635,1.064,0.0
